G - (18151),G - (18152),G - (18153),G - (18154),G - (18155),G - (18156),G - (18157),,Position,Name,ID,Name+ID,Team,Game,Avg FPPG,Salary,,Instructions
,,,,,,,,G,Tony Finau,874252,Tony Finau (874252),Finau,,0,17800,,1. Find your player in the player pool to the left.
,,,,,,,,G,Phil Mickelson,874303,Phil Mickelson (874303),Mickelson,,0,17500,,"2. Copy either the ""ID"" or ""Name+ID"" of the player you wish to add."
,,,,,,,,G,Webb Simpson,874332,Webb Simpson (874332),Simpson,,0,17500,,"3. Paste the ""ID"" or ""Name+ID"" value into the corresponding roster position. Name alone cannot be used."
,,,,,,,,G,Bill Haas,874265,Bill Haas (874265),Haas,,0,16600,,4. You may create up to 500 lineups per file.
,,,,,,,,G,Kevin Na,874308,Kevin Na (874308),Na,,0,16600,,5. Lineups must be valid and fit within the salary cap to be uploaded.
,,,,,,,,G,Zach Johnson,874276,Zach Johnson (874276),Johnson,,0,16600,,
,,,,,,,,G,Brendan Steele,874335,Brendan Steele (874335),Steele,,0,16500,,IMPORTANT: Altering the file format outside of the directions above may result in the file not being uploaded.
,,,,,,,,G,Ryan Moore,874305,Ryan Moore (874305),Moore,,0,16200,,
,,,,,,,,G,Chez Reavie,874320,Chez Reavie (874320),Reavie,,0,16100,,
,,,,,,,,G,Keegan Bradley,874226,Keegan Bradley (874226),Bradley,,0,16100,,Processing Info - (DO NOT CHANGE THIS VALUE)
,,,,,,,,G,Emiliano Grillo,874264,Emiliano Grillo (874264),Grillo,,0,16000,,EVG   2235
,,,,,,,,G,Jamie Lovemark,874296,Jamie Lovemark (874296),Lovemark,,0,16000,,DEFAULT
,,,,,,,,G,Lucas Glover,874258,Lucas Glover (874258),Glover,,0,15900,,
,,,,,,,,G,Martin Laird,874288,Martin Laird (874288),Laird,,0,15900,,
,,,,,,,,G,Peter Uihlein,874348,Peter Uihlein (874348),Uihlein,,0,15900,,
,,,,,,,,G,Bud Cauley,874231,Bud Cauley (874231),Cauley,,0,15600,,
,,,,,,,,G,Chesson Hadley,874266,Chesson Hadley (874266),Hadley,,0,15200,,
,,,,,,,,G,Luke List,874293,Luke List (874293),List,,0,15100,,
,,,,,,,,G,Ollie Schniederjans,874329,Ollie Schniederjans (874329),Schniederjans,,0,15000,,
,,,,,,,,G,Bryson DeChambeau,874242,Bryson DeChambeau (874242),DeChambeau,,0,14700,,
,,,,,,,,G,Grayson Murray,874307,Grayson Murray (874307),Murray,,0,14700,,
,,,,,,,,G,Harold Varner III,874350,Harold Varner III (874350),Varner III,,0,14700,,
,,,,,,,,G,Sam Saunders,874326,Sam Saunders (874326),Saunders,,0,14600,,
,,,,,,,,G,Graham DeLaet,874243,Graham DeLaet (874243),DeLaet,,0,14500,,
,,,,,,,,G,Mackenzie Hughes,874272,Mackenzie Hughes (874272),Hughes,,0,14500,,
,,,,,,,,G,Patrick Rodgers,874321,Patrick Rodgers (874321),Rodgers,,0,14500,,
,,,,,,,,G,Scott Brown,874227,Scott Brown (874227),Brown,,0,14500,,
,,,,,,,,G,Harris English,874249,Harris English (874249),English,,0,14400,,
,,,,,,,,G,Jason Kokrak,874286,Jason Kokrak (874286),Kokrak,,0,14400,,
,,,,,,,,G,Rob Oppenheim,874309,Rob Oppenheim (874309),Oppenheim,,0,14400,,
,,,,,,,,G,Kevin Tway,874347,Kevin Tway (874347),Tway,,0,14300,,
,,,,,,,,G,Scott Piercy,874312,Scott Piercy (874312),Piercy,,0,14200,,
,,,,,,,,G,Bronson Burgoon,874228,Bronson Burgoon (874228),Burgoon,,0,14100,,
,,,,,,,,G,Chris Kirk,874282,Chris Kirk (874282),Kirk,,0,14100,,
,,,,,,,,G,Matt Jones,874277,Matt Jones (874277),Jones,,0,14100,,
,,,,,,,,G,Kevin Streelman,874338,Kevin Streelman (874338),Streelman,,0,13900,,
,,,,,,,,G,Cameron Tringale,874346,Cameron Tringale (874346),Tringale,,0,13800,,
,,,,,,,,G,Keith Mitchell,874304,Keith Mitchell (874304),Mitchell,,0,13800,,
,,,,,,,,G,Seamus Power,874316,Seamus Power (874316),Power,,0,13700,,
,,,,,,,,G,Sung Kang,874278,Sung Kang (874278),Kang,,0,13700,,
,,,,,,,,G,Andrew Landry,874290,Andrew Landry (874290),Landry,,0,13500,,
,,,,,,,,G,Ben Martin,874299,Ben Martin (874299),Martin,,0,13500,,
,,,,,,,,G,Brice Garnett,874254,Brice Garnett (874254),Garnett,,0,13500,,
,,,,,,,,G,Daniel Summerhays,874341,Daniel Summerhays (874341),Summerhays,,0,13500,,
,,,,,,,,G,Denny McCarthy,874300,Denny McCarthy (874300),McCarthy,,0,13400,,
,,,,,,,,G,Martin Flores,874253,Martin Flores (874253),Flores,,0,13400,,
,,,,,,,,G,Richy Werenski,874353,Richy Werenski (874353),Werenski,,0,13400,,
,,,,,,,,G,Scott Stallings,874334,Scott Stallings (874334),Stallings,,0,13400,,
,,,,,,,,G,Shawn Stefani,874336,Shawn Stefani (874336),Stefani,,0,13400,,
,,,,,,,,G,J.J. Spaun,874333,J.J. Spaun (874333),Spaun,,0,13300,,
,,,,,,,,G,Johnson Wagner,874352,Johnson Wagner (874352),Wagner,,0,13300,,
,,,,,,,,G,Robert Garrigus,874255,Robert Garrigus (874255),Garrigus,,0,13300,,
,,,,,,,,G,Ryan Armour,874218,Ryan Armour (874218),Armour,,0,13300,,
,,,,,,,,G,Smylie Kaufman,874279,Smylie Kaufman (874279),Kaufman,,0,13300,,
,,,,,,,,G,Tom Hoge,874270,Tom Hoge (874270),Hoge,,0,13300,,
,,,,,,,,G,Vaughn Taylor,874343,Vaughn Taylor (874343),Taylor,,0,13300,,
,,,,,,,,G,Aaron Wise,874355,Aaron Wise (874355),Wise,,0,13200,,
,,,,,,,,G,David Hearn,874269,David Hearn (874269),Hearn,,0,13200,,
,,,,,,,,G,Rory Sabbatini,874324,Rory Sabbatini (874324),Sabbatini,,0,13200,,
,,,,,,,,G,Steve Wheatcroft,874354,Steve Wheatcroft (874354),Wheatcroft,,0,13200,,
,,,,,,,,G,Ted Potter,874315, Jr. (874315),Potter,,0,13200,,
,,,,,,,,G,Brandon Hagy,874267,Brandon Hagy (874267),Hagy,,0,13100,,
,,,,,,,,G,Chad Campbell,874230,Chad Campbell (874230),Campbell,,0,13100,,
,,,,,,,,G,Ricky Barnes,874222,Ricky Barnes (874222),Barnes,,0,13100,,
,,,,,,,,G,Troy Merritt,874302,Troy Merritt (874302),Merritt,,0,13100,,
,,,,,,,,G,Ben Crane,874237,Ben Crane (874237),Crane,,0,13000,,
,,,,,,,,G,Matt Every,874250,Matt Every (874250),Every,,0,13000,,
,,,,,,,,G,Alex Cejka,874232,Alex Cejka (874232),Cejka,,0,12900,,
,,,,,,,,G,Ben Silverman,874331,Ben Silverman (874331),Silverman,,0,12900,,
,,,,,,,,G,Nate Lashley,874291,Nate Lashley (874291),Lashley,,0,12900,,
,,,,,,,,G,Chris Stroud,874339,Chris Stroud (874339),Stroud,,0,12800,,
,,,,,,,,G,Patton Kizzire,874284,Patton Kizzire (874284),Kizzire,,0,12800,,
,,,,,,,,G,Tyrone Van Aswegen,874349,Tyrone Van Aswegen (874349),Van Aswegen,,0,12800,,
,,,,,,,,G,Adam Schenk,874327,Adam Schenk (874327),Schenk,,0,12600,,
,,,,,,,,G,Camilo Villegas,874351,Camilo Villegas (874351),Villegas,,0,12600,,
,,,,,,,,G,Corey Conners,874236,Corey Conners (874236),Conners,,0,12600,,
,,,,,,,,G,Lanto Griffin,874263,Lanto Griffin (874263),Griffin,,0,12600,,
,,,,,,,,G,Michael Kim,874280,Michael Kim (874280),Kim,,0,12600,,
,,,,,,,,G,Tyler Duncan,874248,Tyler Duncan (874248),Duncan,,0,12600,,
,,,,,,,,G,Zac Blair,874223,Zac Blair (874223),Blair,,0,12600,,
,,,,,,,,G,Andrew Putnam,874318,Andrew Putnam (874318),Putnam,,0,12500,,
,,,,,,,,G,Brian Gay,874256,Brian Gay (874256),Gay,,0,12500,,
,,,,,,,,G,Nicholas Lindheim,874292,Nicholas Lindheim (874292),Lindheim,,0,12500,,
,,,,,,,,G,Sam Ryder,874323,Sam Ryder (874323),Ryder,,0,12500,,
,,,,,,,,G,Trey Mullinax,874306,Trey Mullinax (874306),Mullinax,,0,12500,,
,,,,,,,,G,Aaron Baddeley,874220,Aaron Baddeley (874220),Baddeley,,0,12400,,
,,,,,,,,G,Joel Dahmen,874239,Joel Dahmen (874239),Dahmen,,0,12400,,
,,,,,,,,G,Nick Taylor,874342,Nick Taylor (874342),Taylor,,0,12400,,
,,,,,,,,G,Ryan Blaum,874224,Ryan Blaum (874224),Blaum,,0,12400,,
,,,,,,,,G,Sang-Moon Bae,874221,Sang-Moon Bae (874221),Bae,,0,12400,,
,,,,,,,,G,Beau Hossler,874271,Beau Hossler (874271),Hossler,,0,12300,,
,,,,,,,,G,Cameron Champ,874234,Cameron Champ (874234),Champ,,0,12300,,
,,,,,,,,G,Derek Fathauer,874251,Derek Fathauer (874251),Fathauer,,0,12300,,
,,,,,,,,G,John Huh,874273,John Huh (874273),Huh,,0,12300,,
,,,,,,,,G,Jonathan Randolph,874319,Jonathan Randolph (874319),Randolph,,0,12300,,
,,,,,,,,G,K.J. Choi,874235,K.J. Choi (874235),Choi,,0,12300,,
,,,,,,,,G,Kelly Kraft,874287,Kelly Kraft (874287),Kraft,,0,12300,,
,,,,,,,,G,Martin Piller,874313,Martin Piller (874313),Piller,,0,12300,,
,,,,,,,,G,Maverick McNealy,874301,Maverick McNealy (874301),McNealy,,0,12300,,
,,,,,,,,G,Tom Lovelady,874295,Tom Lovelady (874295),Lovelady,,0,12300,,
,,,,,,,,G,Abraham Ancer,874216,Abraham Ancer (874216),Ancer,,0,12200,,
,,,,,,,,G,Conrad Shindler,874330,Conrad Shindler (874330),Shindler,,0,12200,,
,,,,,,,,G,Fabian Gomez,874259,Fabian Gomez (874259),Gomez,,0,12200,,
,,,,,,,,G,Jonas Blixt,874225,Jonas Blixt (874225),Blixt,,0,12200,,
,,,,,,,,G,Matt Atkins,874219,Matt Atkins (874219),Atkins,,0,12200,,
,,,,,,,,G,Rick Lamb,874289,Rick Lamb (874289),Lamb,,0,12200,,
,,,,,,,,G,Talor Gooch,874260,Talor Gooch (874260),Gooch,,0,12200,,
,,,,,,,,G,Whee Kim,874281,Whee Kim (874281),Kim,,0,12200,,
,,,,,,,,G,Zecheng Dou,874245,Zecheng Dou (874245),Dou,,0,12200,,
,,,,,,,,G,Cody Gribble,874262,Cody Gribble (874262),Gribble,,0,12100,,
,,,,,,,,G,Billy Hurley III,874274,Billy Hurley III (874274),Hurley III,,0,12000,,
,,,,,,,,G,Hunter Mahan,874297,Hunter Mahan (874297),Mahan,,0,12000,,
,,,,,,,,G,Jon Curran,874238,Jon Curran (874238),Curran,,0,12000,,
,,,,,,,,G,Jason Gore,874261,Jason Gore (874261),Gore,,0,11900,,
,,,,,,,,G,Kyle Thompson,874344,Kyle Thompson (874344),Thompson,,0,11900,,
,,,,,,,,G,Peter Malnati,874298,Peter Malnati (874298),Malnati,,0,11900,,
,,,,,,,,G,Stephan Jaeger,874275,Stephan Jaeger (874275),Jaeger,,0,11900,,
,,,,,,,,G,Brett Stegmaier,874337,Brett Stegmaier (874337),Stegmaier,,0,11700,,
,,,,,,,,G,D.A. Points,874314,D.A. Points (874314),Points,,0,11700,,
,,,,,,,,G,Andrew Loupe,874294,Andrew Loupe (874294),Loupe,,0,11600,,
,,,,,,,,G,Brandon Harkins,874268,Brandon Harkins (874268),Harkins,,0,11600,,
,,,,,,,,G,Brian Stuard,874340,Brian Stuard (874340),Stuard,,0,11400,,
,,,,,,,,G,Colt Knost,874285,Colt Knost (874285),Knost,,0,11400,,
,,,,,,,,G,John Daly,874240,John Daly (874240),Daly,,0,11400,,
,,,,,,,,G,Andrew Yun,874357,Andrew Yun (874357),Yun,,0,11300,,
,,,,,,,,G,Roberto Diaz,874244,Roberto Diaz (874244),Diaz,,0,11300,,
,,,,,,,,G,Angel Cabrera,874229,Angel Cabrera (874229),Cabrera,,0,11000,,
,,,,,,,,G,Bobby Wyatt,874356,Bobby Wyatt (874356),Wyatt,,0,11000,,
,,,,,,,,G,Ethan Tracy,874345,Ethan Tracy (874345),Tracy,,0,11000,,
,,,,,,,,G,Greg Chalmers,874233,Greg Chalmers (874233),Chalmers,,0,11000,,
,,,,,,,,G,Ken Duke,874247,Ken Duke (874247),Duke,,0,11000,,
,,,,,,,,G,Stuart Appleby,874217,Stuart Appleby (874217),Appleby,,0,11000,,
,,,,,,,,G,Xinjun Zhang,874358,Xinjun Zhang (874358),Zhang,,0,11000,,
,,,,,,,,G,John Rollins,874322,John Rollins (874322),Rollins,,0,10900,,
,,,,,,,,G,Kurt Kitayama,874283,Kurt Kitayama (874283),Kitayama,,0,10900,,
,,,,,,,,G,Anthony Paolucci,874310,Anthony Paolucci (874310),Paolucci,,0,10800,,
,,,,,,,,G,Brian Davis,874241,Brian Davis (874241),Davis,,0,10800,,
,,,,,,,,G,Carl Pettersson,874311,Carl Pettersson (874311),Pettersson,,0,10800,,
,,,,,,,,G,Dicky Pride,874317,Dicky Pride (874317),Pride,,0,10800,,
,,,,,,,,G,Jamie Sadlowski,874325,Jamie Sadlowski (874325),Sadlowski,,0,10800,,
,,,,,,,,G,Jason Schmuhl,874328,Jason Schmuhl (874328),Schmuhl,,0,10700,,
,,,,,,,,G,Kevin Dougherty,874246,Kevin Dougherty (874246),Dougherty,,0,10700,,
,,,,,,,,G,Steve Allan,874215,Steve Allan (874215),Allan,,0,10700,,
,,,,,,,,G,Dino Giacomazzi,874257,Dino Giacomazzi (874257),Giacomazzi,,0,10600,,
