G,G,G,G,G,G,G,G,,Instructions,,,,,,,,,,,,,
20364-78083,20364-78430,20364-78227,20364-78291,20364-78858,20364-78948,20364-78973,20364-78998,,1) Create a lineup by inserting any player from this list into their appropriate position columns,,,,,,,,,,,,,
,,,,,,,,,2) You can paste either the Player ID + Name OR ID from their respective columns,,,,,,,,,,,,,
,,,,,,,,,3) Any information to the right of the last position column will be ignored in the upload,,,,,,,,,,,,,
,,,,,,,,,4) Maximum of 250 lineups per upload,,,,,,,,,,,,,
,,,,,,,,,,,,,,,,,,,,,,
,,,,,,,,,Player ID + Player Name,Id,Position,First Name,Nickname,Last Name,FPPG,Played,Salary,Game,Team,Opponent,Injury Indicator,Injury Details
,,,,,,,,,20364-78530:Rory McIlroy,20364-78530,G,Rory,Rory McIlroy,McIlroy,75.05555556,9,10300,,,,,
,,,,,,,,,20364-78833:Jordan Spieth,20364-78833,G,Jordan,Jordan Spieth,Spieth,86.98823817,17,10200,,,,,
,,,,,,,,,20364-78289:Dustin Johnson,20364-78289,G,Dustin,Dustin Johnson,Johnson,76.07856968,14,10000,,,,,
,,,,,,,,,20364-78093:Rickie Fowler,20364-78093,G,Rickie,Rickie Fowler,Fowler,79.06874847,16,9500,,,,,
,,,,,,,,,20364-78707:Jon Rahm,20364-78707,G,Jon,Jon Rahm,Rahm,75.12352798,17,9200,,,,,
,,,,,,,,,20364-77997:Jason Day,20364-77997,G,Jason,Jason Day,Day,61.5214277,14,9100,,,,,
,,,,,,,,,20364-78116:Sergio Garcia,20364-78116,G,Sergio,Sergio Garcia,Garcia,73.79999797,12,8800,,,,,
,,,,,,,,,20364-78508:Hideki Matsuyama,20364-78508,G,Hideki,Hideki Matsuyama,Matsuyama,90.46875,16,8800,,,,,
,,,,,,,,,20364-78367:Brooks Koepka,20364-78367,G,Brooks,Brooks Koepka,Koepka,69.83333333,18,8600,,,,,
,,,,,,,,,20364-78780:Adam Scott,20364-78780,G,Adam,Adam Scott,Scott,68.37857056,14,8400,,,,,
,,,,,,,,,20364-78744:Justin Rose,20364-78744,G,Justin,Justin Rose,Rose,69.61538462,13,8200,,,,,
,,,,,,,,,20364-78847:Henrik Stenson,20364-78847,G,Henrik,Henrik Stenson,Stenson,48.93636253,11,8000,,,,,
,,,,,,,,,20364-78382:Matt Kuchar,20364-78382,G,Matt,Matt Kuchar,Kuchar,65.22000122,20,7900,,,,,
,,,,,,,,,20364-78599:Alex Noren,20364-78599,G,Alex,Alex Noren,Noren,52.2444458,9,7700,,,,,
,,,,,,,,,20364-77922:Paul Casey,20364-77922,G,Paul,Paul Casey,Casey,74.03888618,18,7600,,,,,
,,,,,,,,,20364-78547:Phil Mickelson,20364-78547,G,Phil,Phil Mickelson,Mickelson,72.5470617,17,7500,,,,,
,,,,,,,,,20364-78084:Tommy Fleetwood,20364-78084,G,Tommy,Tommy Fleetwood,Fleetwood,57.59999847,8,7400,,,,,
,,,,,,,,,20364-78893:Justin Thomas,20364-78893,G,Justin,Justin Thomas,Thomas,75.39999872,19,7400,,,,,
,,,,,,,,,20364-78145:Branden Grace,20364-78145,G,Branden,Branden Grace,Grace,59.19374847,16,7300,,,,,
,,,,,,,,,20364-77908:Rafa Cabrera Bello,20364-77908,G,Rafa,Rafa Cabrera Bello,Cabrera Bello,53.75,14,7200,,,,,
,,,,,,,,,20364-78722:Patrick Reed,20364-78722,G,Patrick,Patrick Reed,Reed,62.64782715,23,7200,,,,,
,,,,,,,,,20364-77848:Daniel Berger,20364-77848,G,Daniel,Daniel Berger,Berger,67.64000244,20,7100,,,,,
,,,,,,,,,20364-78078:Tony Finau,20364-78078,G,Tony,Tony Finau,Finau,71.63750203,24,7000,,,,,
,,,,,,,,,20364-78620:Louis Oosthuizen,20364-78620,G,Louis,Louis Oosthuizen,Oosthuizen,63.43846248,13,6900,,,,,
,,,,,,,,,20364-78676:Thomas Pieters,20364-78676,G,Thomas,Thomas Pieters,Pieters,61.60999756,10,6800,,,,,
,,,,,,,,,20364-78083:Matthew Fitzpatrick,20364-78083,G,Matthew,Matthew Fitzpatrick,Fitzpatrick,54.94000244,10,6700,,,,,
,,,,,,,,,20364-78430:Marc Leishman,20364-78430,G,Marc,Marc Leishman,Leishman,71.28421181,19,6700,,,,,
,,,,,,,,,20364-78227:J.B. Holmes,20364-78227,G,J.B.,J.B. Holmes,Holmes,63.70499878,20,6600,,,,,
,,,,,,,,,20364-78291:Zach Johnson,20364-78291,G,Zach,Zach Johnson,Johnson,57.37221951,18,6600,,,,,
,,,,,,,,,20364-78858:Steve Stricker,20364-78858,G,Steve,Steve Stricker,Stricker,67.77272727,11,6500,,,,,
,,,,,,,,,20364-78948:Jimmy Walker,20364-78948,G,Jimmy,Jimmy Walker,Walker,50.94444444,18,6500,,,,,
,,,,,,,,,20364-78973:Lee Westwood,20364-78973,G,Lee,Lee Westwood,Westwood,49.33750153,8,6500,,,,,
,,,,,,,,,20364-78223:Charley Hoffman,20364-78223,G,Charley,Charley Hoffman,Hoffman,68.48461445,26,6500,,,,,
,,,,,,,,,20364-78779:Charl Schwartzel,20364-78779,G,Charl,Charl Schwartzel,Schwartzel,55.13077017,13,6500,,,,,
,,,,,,,,,20364-78691:Ian Poulter,20364-78691,G,Ian,Ian Poulter,Poulter,63.63750076,16,6400,,,,,
,,,,,,,,,20364-78034:Jason Dufner,20364-78034,G,Jason,Jason Dufner,Dufner,71.41764562,17,6400,,,,,
,,,,,,,,,20364-78821:Brandt Snedeker,20364-78821,G,Brandt,Brandt Snedeker,Snedeker,67.56428746,14,6400,,,,O,Ribs
,,,,,,,,,20364-78960:Bubba Watson,20364-78960,G,Bubba,Bubba Watson,Watson,52.69444444,18,6300,,,,,
,,,,,,,,,20364-78998:Gary Woodland,20364-78998,G,Gary,Gary Woodland,Woodland,62.32000122,20,6300,,,,,
,,,,,,,,,20364-78356:Kevin Kisner,20364-78356,G,Kevin,Kevin Kisner,Kisner,70.19999767,21,6200,,,,,
,,,,,,,,,20364-78193:Tyrrell Hatton,20364-78193,G,Tyrrell,Tyrrell Hatton,Hatton,52.2090898,11,6200,,,,,
,,,,,,,,,20364-78766:Xander Schauffele,20364-78766,G,Xander,Xander Schauffele,Schauffele,62.15217391,23,6200,,,,,
,,,,,,,,,20364-78162:Bill Haas,20364-78162,G,Bill,Bill Haas,Haas,60.4263145,19,6100,,,,,
,,,,,,,,,20364-78997:Chris Wood,20364-78997,G,Chris,Chris Wood,Wood,44.05714199,7,6100,,,,,
,,,,,,,,,20364-77934:Kevin Chappell,20364-77934,G,Kevin,Kevin Chappell,Chappell,56.75238328,21,6000,,,,,
,,,,,,,,,20364-78804:Webb Simpson,20364-78804,G,Webb,Webb Simpson,Simpson,61.26190476,21,6000,,,,,
,,,,,,,,,20364-78868:Andy Sullivan,20364-78868,G,Andy,Andy Sullivan,Sullivan,58.72000122,5,5900,,,,,
,,,,,,,,,20364-78359:Soren Kjeldsen,20364-78359,G,Soren,Soren Kjeldsen,Kjeldsen,46.4785723,14,5900,,,,,
,,,,,,,,,20364-78919:Peter Uihlein,20364-78919,G,Peter,Peter Uihlein,Uihlein,59.96666463,6,5900,,,,,
,,,,,,,,,20364-78206:Russell Henley,20364-78206,G,Russell,Russell Henley,Henley,66.89545233,22,5900,,,,,
,,,,,,,,,20364-78467:Shane Lowry,20364-78467,G,Shane,Shane Lowry,Lowry,51.03077111,13,5900,,,,,
,,,,,,,,,20364-78980:Bernd Wiesberger,20364-78980,G,Bernd,Bernd Wiesberger,Wiesberger,55.02500153,8,5900,,,,,
,,,,,,,,,20364-78292:Andrew Johnston,20364-78292,G,Andrew,Andrew Johnston,Johnston,52.82500203,12,5900,,,,,
,,,,,,,,,20364-78561:Francesco Molinari,20364-78561,G,Francesco,Francesco Molinari,Molinari,69.21875,16,5900,,,,,
,,,,,,,,,20364-77805:Byeong Hun An,20364-77805,G,Byeong Hun,Byeong Hun An,An,57.79444716,18,5900,,,,,
,,,,,,,,,20364-78439:Haotong Li,20364-78439,G,Haotong,Haotong Li,Li,44.03333537,3,5800,,,,,
,,,,,,,,,20364-78187:Brian Harman,20364-78187,G,Brian,Brian Harman,Harman,65.08399902,25,5800,,,,,
,,,,,,,,,20364-78465:Jamie Lovemark,20364-78465,G,Jamie,Jamie Lovemark,Lovemark,63.1333313,24,5800,,,,,
,,,,,,,,,20364-78588:Kevin Na,20364-78588,G,Kevin,Kevin Na,Na,54.40499878,20,5800,,,,,
,,,,,,,,,20364-78081:Ross Fisher,20364-78081,G,Ross,Ross Fisher,Fisher,58.65000153,8,5700,,,,,
,,,,,,,,,20364-78346:Si Woo Kim,20364-78346,G,Si Woo,Si Woo Kim,Kim,33.42399902,25,5700,,,,,
,,,,,,,,,20364-78390:Martin Laird,20364-78390,G,Martin,Martin Laird,Laird,59.36500244,20,5700,,,,,
,,,,,,,,,20364-77881:Keegan Bradley,20364-77881,G,Keegan,Keegan Bradley,Bradley,64.44166565,24,5700,,,,,
,,,,,,,,,20364-78606:Sean O'Hair,20364-78606,G,Sean,Sean O'Hair,O'Hair,57.31428455,21,5600,,,,,
,,,,,,,,,20364-78106:Jim Furyk,20364-78106,G,Jim,Jim Furyk,Furyk,43.78749847,16,5600,,,,,
,,,,,,,,,20364-78415:Danny Lee,20364-78415,G,Danny,Danny Lee,Lee,55.91481301,27,5600,,,,,
,,,,,,,,,20364-78154:Emiliano Grillo,20364-78154,G,Emiliano,Emiliano Grillo,Grillo,60.87368293,19,5500,,,,,
,,,,,,,,,20364-78169:James Hahn,20364-78169,G,James,James Hahn,Hahn,56.69565217,23,5500,,,,,
,,,,,,,,,20364-78525:Graeme McDowell,20364-78525,G,Graeme,Graeme McDowell,McDowell,55.43999837,15,5500,,,,,
,,,,,,,,,20364-78841:Kyle Stanley,20364-78841,G,Kyle,Kyle Stanley,Stanley,68.86087169,23,5500,,,,,
,,,,,,,,,20364-78843:Brendan Steele,20364-78843,G,Brendan,Brendan Steele,Steele,70.34000244,20,5500,,,,,
,,,,,,,,,20364-78884:Hideto Tanihara,20364-78884,G,Hideto,Hideto Tanihara,Tanihara,47.6222229,9,5400,,,,,
,,,,,,,,,20364-78135:Lucas Glover,20364-78135,G,Lucas,Lucas Glover,Glover,61.11428688,21,5400,,,,,
,,,,,,,,,20364-78938:Jhonattan Vegas,20364-78938,G,Jhonattan,Jhonattan Vegas,Vegas,55.41304348,23,5400,,,,,
,,,,,,,,,20364-78437:Alexander Levy,20364-78437,G,Alexander,Alexander Levy,Levy,22.5,3,5400,,,,,
,,,,,,,,,20364-78528:William McGirt,20364-78528,G,William,William McGirt,McGirt,49.15652068,23,5400,,,,,
,,,,,,,,,20364-78565:Ryan Moore,20364-78565,G,Ryan,Ryan Moore,Moore,55.36111111,18,5400,,,,,
,,,,,,,,,20364-78852:Brandon Stone,20364-78852,G,Brandon,Brandon Stone,Stone,42.62000122,5,5300,,,,,
,,,,,,,,,20364-78856:Robert Streb,20364-78856,G,Robert,Robert Streb,Streb,50.5,25,5300,,,,,
,,,,,,,,,20364-78869:Daniel Summerhays,20364-78869,G,Daniel,Daniel Summerhays,Summerhays,52.71153846,26,5300,,,,,
,,,,,,,,,20364-78665:Pat Perez,20364-78665,G,Pat,Pat Perez,Perez,64.90999756,20,5300,,,,,
,,,,,,,,,20364-78449:David Lingmerth,20364-78449,G,David,David Lingmerth,Lingmerth,59.9,20,5300,,,,,
,,,,,,,,,20364-78984:Danny Willett,20364-78984,G,Danny,Danny Willett,Willett,15.58999939,10,5300,,,,,
,,,,,,,,,20364-78232:Billy Horschel,20364-78232,G,Billy,Billy Horschel,Horschel,48.53043266,23,5300,,,,,
,,,,,,,,,20364-78310:Sung Kang,20364-78310,G,Sung,Sung Kang,Kang,54.27499826,28,5300,,,,,
,,,,,,,,,20364-78617:Thorbjorn Olesen,20364-78617,G,Thorbjorn,Thorbjorn Olesen,Olesen,39.42000122,5,5200,,,,,
,,,,,,,,,20364-78363:Russell Knox,20364-78363,G,Russell,Russell Knox,Knox,54.6157869,19,5200,,,,,
,,,,,,,,,20364-78389:Anirban Lahiri,20364-78389,G,Anirban,Anirban Lahiri,Lahiri,57.31176399,17,5200,,,,,
,,,,,,,,,20364-78166:Adam Hadwin,20364-78166,G,Adam,Adam Hadwin,Hadwin,61.09565005,23,5200,,,,,
,,,,,,,,,20364-78472:Joost Luiten,20364-78472,G,Joost,Joost Luiten,Luiten,64.66666667,3,5200,,,,,
,,,,,,,,,20364-78239:Charles Howell III,20364-78239,G,Charles,Charles Howell III,Howell III,67.64737099,19,5200,,,,,
,,,,,,,,,20364-78095:Ryan Fox,20364-78095,G,Ryan,Ryan Fox,Fox,14.30000019,1,5100,,,,,
,,,,,,,,,20364-77860:Thomas Bjorn,20364-77860,G,Thomas,Thomas Bjorn,Bjorn,0,0,5100,,,,,
,,,,,,,,,20364-77925:Bud Cauley,20364-77925,G,Bud,Bud Cauley,Cauley,57.42173701,23,5100,,,,,
,,,,,,,,,20364-78204:Scott Hend,20364-78204,G,Scott,Scott Hend,Hend,63.3,5,5100,,,,,
,,,,,,,,,20364-78270:Thongchai Jaidee,20364-78270,G,Thongchai,Thongchai Jaidee,Jaidee,46.10000102,3,5100,,,,,
,,,,,,,,,20364-77897:Wesley Bryan,20364-77897,G,Wesley,Wesley Bryan,Bryan,57.89166768,24,5000,,,,,
,,,,,,,,,20364-79435:Patrick Cantlay,20364-79435,G,Patrick,Patrick Cantlay,Cantlay,81.98750305,8,5000,,,,,
,,,,,,,,,20364-77963:Nicolas Colsaerts,20364-77963,G,Nicolas,Nicolas Colsaerts,Colsaerts,0,0,5000,,,,,
,,,,,,,,,20364-78739:Patrick Rodgers,20364-78739,G,Patrick,Patrick Rodgers,Rodgers,43.32500203,24,5000,,,,,
,,,,,,,,,20364-78005:Bryson DeChambeau,20364-78005,G,Bryson,Bryson DeChambeau,DeChambeau,46.19259078,27,5000,,,,,
,,,,,,,,,20364-78009:Graham DeLaet,20364-78009,G,Graham,Graham DeLaet,DeLaet,61.93333217,21,5000,,,,,
,,,,,,,,,20364-78020:Luke Donald,20364-78020,G,Luke,Luke Donald,Donald,42.60666504,15,5000,,,,,
,,,,,,,,,20364-78815:Cameron Smith,20364-78815,G,Cameron,Cameron Smith,Smith,64.47142973,21,5000,,,,,
,,,,,,,,,20364-78343:K.T. Kim,20364-78343,G,K.T.,K.T. Kim,Kim,36.03333282,3,4900,,,,,
,,,,,,,,,20364-78101:Dylan Frittelli,20364-78101,G,Dylan,Dylan Frittelli,Frittelli,11.10000038,1,4900,,,,,
,,,,,,,,,20364-78401:Pablo Larrazabal,20364-78401,G,Pablo,Pablo Larrazabal,Larrazabal,18.35000038,2,4900,,,,,
,,,,,,,,,20364-78188:Padraig Harrington,20364-78188,G,Padraig,Padraig Harrington,Harrington,37.6875,8,4900,,,,,
,,,,,,,,,20364-78451:Luke List,20364-78451,G,Luke,Luke List,List,62.11922983,26,4900,,,,,
,,,,,,,,,20364-78719:Chez Reavie,20364-78719,G,Chez,Chez Reavie,Reavie,59.51666768,24,4900,,,,,
,,,,,,,,,20364-78243:Mackenzie Hughes,20364-78243,G,Mackenzie,Mackenzie Hughes,Hughes,56.16666667,27,4900,,,,,
,,,,,,,,,20364-78255:Yuta Ikeda,20364-78255,G,Yuta,Yuta Ikeda,Ikeda,37.375,8,4900,,,,,
,,,,,,,,,20364-78048:Ernie Els,20364-78048,G,Ernie,Ernie Els,Els,31.69444444,18,4900,,,,,
,,,,,,,,,20364-78874:Hudson Swafford,20364-78874,G,Hudson,Hudson Swafford,Swafford,58.69166565,24,4800,,,,,
,,,,,,,,,20364-78366:Satoshi Kodaira,20364-78366,G,Satoshi,Satoshi Kodaira,Kodaira,59,3,4800,,,,,
,,,,,,,,,20364-77894:Scott Brown,20364-77894,G,Scott,Scott Brown,Brown,54.02083333,24,4800,,,,,
,,,,,,,,,20364-78953:Jeunghun Wang,20364-78953,G,Jeunghun,Jeunghun Wang,Wang,36.42499924,8,4800,,,,,
,,,,,,,,,20364-79019:Fabrizio Zanotti,20364-79019,G,Fabrizio,Fabrizio Zanotti,Zanotti,38.17999878,5,4800,,,,,
,,,,,,,,,20364-78848:Richard Sterne,20364-78848,G,Richard,Richard Sterne,Sterne,37.70000076,2,4700,,,,,
,,,,,,,,,20364-78859:Chris Stroud,20364-78859,G,Chris,Chris Stroud,Stroud,56.29999856,17,4700,,,,,
,,,,,,,,,20364-77867:Jonas Blixt,20364-77867,G,Jonas,Jonas Blixt,Blixt,52.80952381,21,4700,,,,,
,,,,,,,,,20364-78378:Kelly Kraft,20364-78378,G,Kelly,Kelly Kraft,Kraft,45.6958313,24,4700,,,,,
,,,,,,,,,20364-78637:Rod Pampling,20364-78637,G,Rod,Rod Pampling,Pampling,43.6894724,19,4700,,,,,
,,,,,,,,,20364-78826:Young-Han Song,20364-78826,G,Young-Han,Young-Han Song,Song,60.73333232,3,4700,,,,,
,,,,,,,,,20364-78372:Jason Kokrak,20364-78372,G,Jason,Jason Kokrak,Kokrak,50.40416463,24,4600,,,,,
,,,,,,,,,20364-78150:Cody Gribble,20364-78150,G,Cody,Cody Gribble,Gribble,46.13750203,24,4600,,,,,
,,,,,,,,,20364-78684:D.A. Points,20364-78684,G,D.A.,D.A. Points,Points,44.69999936,19,4600,,,,,
,,,,,,,,,20364-78463:Davis Love III,20364-78463,G,Davis,Davis Love III,Love III,41.47999878,10,4600,,,,,
,,,,,,,,,20364-78212:Jim Herman,20364-78212,G,Jim,Jim Herman,Herman,51.85454767,22,4600,,,,,
,,,,,,,,,20364-78806:Vijay Singh,20364-78806,G,Vijay,Vijay Singh,Singh,35.51176542,17,4600,,,,,
,,,,,,,,,20364-78817:Jordan Smith,20364-78817,G,Jordan,Jordan Smith,Smith,0,0,4600,,,,,
,,,,,,,,,20364-78582:Grayson Murray,20364-78582,G,Grayson,Grayson Murray,Murray,51.95200195,25,4600,,,,,
,,,,,,,,,20364-77842:Rich Beem,20364-77842,G,Rich,Rich Beem,Beem,0,0,4500,,,,,
,,,,,,,,,"20364-77847:Rich Berberian, Jr.",20364-77847,G,Rich,Rich Berberian Jr.,"Berberian, Jr.",34,5,4500,,,,,
,,,,,,,,,20364-81473:Jamie Broce,20364-81473,G,Jamie,Jamie Broce,Broce,0,0,4500,,,,,
,,,,,,,,,20364-81472:Alex Beach,20364-81472,G,Alex,Alex Beach,Beach,0,0,4500,,,,,
,,,,,,,,,20364-81475:Greg Gregory,20364-81475,G,Greg,Greg Gregory,Gregory,0,0,4500,,,,,
,,,,,,,,,20364-81474:Paul Claxton,20364-81474,G,Paul,Paul Claxton,Claxton,0,0,4500,,,,,
,,,,,,,,,20364-81477:Scott Hebert,20364-81477,G,Scott,Scott Hebert,Hebert,0,0,4500,,,,,
,,,,,,,,,20364-81476:Jaysen Hansen,20364-81476,G,Jaysen,Jaysen Hansen,Hansen,0,0,4500,,,,,
,,,,,,,,,20364-81479:Chris Moody,20364-81479,G,Chris,Chris Moody,Moody,0,0,4500,,,,,
,,,,,,,,,20364-81478:Dave McNabb,20364-81478,G,Dave,Dave McNabb,McNabb,0,0,4500,,,,,
,,,,,,,,,20364-81481:Ryan Vermeer,20364-81481,G,Ryan,Ryan Vermeer,Vermeer,0,0,4500,,,,,
,,,,,,,,,20364-78920:Omar Uresti,20364-78920,G,Omar,Omar Uresti,Uresti,33,1,4500,,,,,
,,,,,,,,,20364-81480:Mike Small,20364-81480,G,Mike,Mike Small,Small,0,0,4500,,,,,
,,,,,,,,,20364-81482:J.J. Wood,20364-81482,G,J.J.,J.J. Wood,Wood,0,0,4500,,,,,
,,,,,,,,,20364-78668:Rod Perry,20364-78668,G,Rod,Rod Perry,Perry,-2.900000095,1,4500,,,,,
,,,,,,,,,20364-78711:Adam Rainaud,20364-78711,G,Adam,Adam Rainaud,Rainaud,0,0,4500,,,,,
,,,,,,,,,20364-79008:Y.E. Yang,20364-79008,G,Y.E.,Y.E. Yang,Yang,50.98333232,6,4500,,,,,
,,,,,,,,,20364-77986:John Daly,20364-77986,G,John,John Daly,Daly,12.23333359,3,4500,,,,,
,,,,,,,,,20364-78016:Matt Dobyns,20364-78016,G,Matt,Matt Dobyns,Dobyns,0,0,4500,,,,,
,,,,,,,,,20364-79311:Kenny Pigman,20364-79311,G,Kenny,Kenny Pigman,Pigman,81.90000153,1,4500,,,,,
,,,,,,,,,20364-78546:Shaun Micheel,20364-78546,G,Shaun,Shaun Micheel,Micheel,37.34999847,2,4500,,,,,
,,,,,,,,,20364-78819:Brian Smock,20364-78819,G,Brian,Brian Smock,Smock,0,0,4500,,,,,
,,,,,,,,,20364-80359:Stuart Deane,20364-80359,G,Stuart,Stuart Deane,Deane,11.10000038,1,4500,,,,,
,,,,,,,,,20364-78586:David Muttitt,20364-78586,G,David,David Muttitt,Muttitt,0,0,4500,,,,,
