G,G,G,G,G,G,G,G,,Instructions,,,,,,,,,,,,,
,,,,,,,,,1) Create a lineup by inserting any player from this list into their appropriate position columns,,,,,,,,,,,,,
,,,,,,,,,2) You can paste either the Player ID + Name OR ID from their respective columns,,,,,,,,,,,,,
,,,,,,,,,3) Any information to the right of the last position column will be ignored in the upload,,,,,,,,,,,,,
,,,,,,,,,4) Maximum of 250 lineups per upload,,,,,,,,,,,,,
,,,,,,,,,,,,,,,,,,,,,,
,,,,,,,,,Player ID + Player Name,Id,Position,First Name,Nickname,Last Name,FPPG,Played,Salary,Game,Team,Opponent,Injury Indicator,Injury Details
,,,,,,,,,21292-78547:Phil Mickelson,21292-78547,G,Phil,Phil Mickelson,Mickelson,69.19047619,21,9700,,,,,
,,,,,,,,,21292-78078:Tony Finau,21292-78078,G,Tony,Tony Finau,Finau,71.30344996,29,9500,,,,,
,,,,,,,,,21292-78162:Bill Haas,21292-78162,G,Bill,Bill Haas,Haas,58.34166463,24,9200,,,,,
,,,,,,,,,21292-78804:Webb Simpson,21292-78804,G,Webb,Webb Simpson,Simpson,64.87037037,27,9100,,,,,
,,,,,,,,,21292-78291:Zach Johnson,21292-78291,G,Zach,Zach Johnson,Johnson,55.9181796,22,8900,,,,,
,,,,,,,,,21292-78565:Ryan Moore,21292-78565,G,Ryan,Ryan Moore,Moore,55.71304454,23,8800,,,,,
,,,,,,,,,21292-78843:Brendan Steele,21292-78843,G,Brendan,Brendan Steele,Steele,65.33333333,24,8600,,,,,
,,,,,,,,,21292-78465:Jamie Lovemark,21292-78465,G,Jamie,Jamie Lovemark,Lovemark,61.83571516,28,8000,,,,,
,,,,,,,,,21292-78588:Kevin Na,21292-78588,G,Kevin,Kevin Na,Na,57.94,25,7800,,,,,
,,,,,,,,,21292-78775:Ollie Schniederjans,21292-78775,G,Ollie,Ollie Schniederjans,Schniederjans,58.18518519,27,7700,,,,,
,,,,,,,,,21292-78719:Chez Reavie,21292-78719,G,Chez,Chez Reavie,Reavie,60.60000084,29,7600,,,,,
,,,,,,,,,21292-77881:Keegan Bradley,21292-77881,G,Keegan,Keegan Bradley,Bradley,64.27586207,29,7500,,,,,
,,,,,,,,,21292-78390:Martin Laird,21292-78390,G,Martin,Martin Laird,Laird,57.02,25,7400,,,,,
,,,,,,,,,21292-77925:Bud Cauley,21292-77925,G,Bud,Bud Cauley,Cauley,57.35714286,28,7000,,,,,
,,,,,,,,,21292-78154:Emiliano Grillo,21292-78154,G,Emiliano,Emiliano Grillo,Grillo,57.52499898,24,6900,,,,,
,,,,,,,,,21292-78582:Grayson Murray,21292-78582,G,Grayson,Grayson Murray,Murray,53.10333252,30,6900,,,,,
,,,,,,,,,21292-78919:Peter Uihlein,21292-78919,G,Peter,Peter Uihlein,Uihlein,53.39999826,7,6800,,,,,
,,,,,,,,,21292-78009:Graham DeLaet,21292-78009,G,Graham,Graham DeLaet,DeLaet,62.99091131,22,6600,,,,,
,,,,,,,,,21292-78135:Lucas Glover,21292-78135,G,Lucas,Lucas Glover,Glover,61.98076923,26,6500,,,,,
,,,,,,,,,21292-77894:Scott Brown,21292-77894,G,Scott,Scott Brown,Brown,55.67930866,29,6400,,,,,
,,,,,,,,,21292-77912:Chad Campbell,21292-77912,G,Chad,Chad Campbell,Campbell,58.23703794,27,6400,,,,,
,,,,,,,,,21292-78243:Mackenzie Hughes,21292-78243,G,Mackenzie,Mackenzie Hughes,Hughes,55.5870952,31,6400,,,,,
,,,,,,,,,21292-78005:Bryson DeChambeau,21292-78005,G,Bryson,Bryson DeChambeau,DeChambeau,46.87741778,31,6400,,,,,
,,,,,,,,,21292-78857:Kevin Streelman,21292-78857,G,Kevin,Kevin Streelman,Streelman,57.37083435,24,6300,,,,,
,,,,,,,,,21292-78935:Harold Varner III,21292-78935,G,Harold,Harold Varner III,Varner III,51.08275946,29,6200,,,,,
,,,,,,,,,21292-78050:Harris English,21292-78050,G,Harris,Harris English,English,49.46799805,25,6200,,,,,
,,,,,,,,,21292-78500:Ben Martin,21292-78500,G,Ben,Ben Martin,Martin,52.75600098,25,6100,,,,,
,,,,,,,,,21292-77824:Sang-Moon Bae,21292-77824,G,Sang-Moon,Sang-Moon Bae,Bae,0,0,6000,,,,,
,,,,,,,,,21292-78692:Seamus Power,21292-78692,G,Seamus,Seamus Power,Power,58.40833537,24,6000,,,,,
,,,,,,,,,21292-78310:Sung Kang,21292-78310,G,Sung,Sung Kang,Kang,54.36562347,32,5900,,,,,
,,,,,,,,,21292-77836:Ricky Barnes,21292-77836,G,Ricky,Ricky Barnes,Barnes,50.31333415,30,5800,,,,,
,,,,,,,,,21292-78358:Patton Kizzire,21292-78358,G,Patton,Patton Kizzire,Kizzire,48.72799805,25,5700,,,,,
,,,,,,,,,21292-78195:David Hearn,21292-78195,G,David,David Hearn,Hearn,48.46071516,28,5700,,,,,
,,,,,,,,,21292-78739:Patrick Rodgers,21292-78739,G,Patrick,Patrick Rodgers,Rodgers,41.49600098,25,5700,,,,,
,,,,,,,,,21292-78918:Kevin Tway,21292-78918,G,Kevin,Kevin Tway,Tway,61.60769419,26,5600,,,,,
,,,,,,,,,21292-78675:Scott Piercy,21292-78675,G,Scott,Scott Piercy,Piercy,53.39090798,22,5600,,,,,
,,,,,,,,,21292-78972:Richy Werenski,21292-78972,G,Richy,Richy Werenski,Werenski,51.5541687,24,5600,,,,,
,,,,,,,,,21292-78491:Peter Malnati,21292-78491,G,Peter,Peter Malnati,Malnati,47.1464277,28,5600,,,,,
,,,,,,,,,21292-78763:Sam Saunders,21292-78763,G,Sam,Sam Saunders,Saunders,52.45217497,23,5600,,,,,
,,,,,,,,,21292-78372:Jason Kokrak,21292-78372,G,Jason,Jason Kokrak,Kokrak,52.45769325,26,5400,,,,,
,,,,,,,,,21292-78451:Luke List,21292-78451,G,Luke,Luke List,List,61.49666748,30,5400,,,,,
,,,,,,,,,21292-77975:Ben Crane,21292-77975,G,Ben,Ben Crane,Crane,49.80799805,25,5400,,,,,
,,,,,,,,,21292-78831:J.J. Spaun,21292-78831,G,J.J.,J.J. Spaun,Spaun,52.76154034,26,5400,,,,,
,,,,,,,,,21292-78320:Smylie Kaufman,21292-78320,G,Smylie,Smylie Kaufman,Kaufman,45.62399902,25,5400,,,,,
,,,,,,,,,21292-78355:Chris Kirk,21292-78355,G,Chris,Chris Kirk,Kirk,50.46799805,25,5300,,,,,
,,,,,,,,,21292-78869:Daniel Summerhays,21292-78869,G,Daniel,Daniel Summerhays,Summerhays,51.31071254,28,5300,,,,,
,,,,,,,,,21292-77862:Zac Blair,21292-77862,G,Zac,Zac Blair,Blair,50.30645161,31,5300,,,,,
,,,,,,,,,21292-78890:Vaughn Taylor,21292-78890,G,Vaughn,Vaughn Taylor,Taylor,56.77916463,24,5300,,,,,
,,,,,,,,,21292-78753:Rory Sabbatini,21292-78753,G,Rory,Rory Sabbatini,Sabbatini,54.97619048,21,5300,,,,,
,,,,,,,,,21292-80553:Cameron Champ,21292-80553,G,Cameron,Cameron Champ,Champ,61.29999924,1,5300,,,,,
,,,,,,,,,21292-78538:Maverick McNealy,21292-78538,G,Maverick,Maverick McNealy,McNealy,34.36666616,3,5300,,,,,
,,,,,,,,,21292-78576:Trey Mullinax,21292-78576,G,Trey,Trey Mullinax,Mullinax,52.81111202,27,5300,,,,,
,,,,,,,,,21292-78344:Michael Kim,21292-78344,G,Michael,Michael Kim,Kim,56.61538462,26,5200,,,,,
,,,,,,,,,21292-78137:Fabian Gomez,21292-78137,G,Fabian,Fabian Gomez,Gomez,44.19047619,21,5200,,,,,
,,,,,,,,,21292-78168:Brandon Hagy,21292-78168,G,Brandon,Brandon Hagy,Hagy,56.65416463,24,5200,,,,O,Wrist
,,,,,,,,,21292-77948:K.J. Choi,21292-77948,G,K.J.,K.J. Choi,Choi,43.1791687,24,5200,,,,,
,,,,,,,,,21292-78351:Whee Kim,21292-78351,G,Whee,Whee Kim,Kim,45.21200195,25,5100,,,,,
,,,,,,,,,21292-78923:Tyrone Van Aswegen,21292-78923,G,Tyrone,Tyrone Van Aswegen,Van Aswegen,51.41666667,30,5100,,,,,
,,,,,,,,,21292-78942:Camilo Villegas,21292-78942,G,Camilo,Camilo Villegas,Villegas,54.75217604,23,5100,,,,,
,,,,,,,,,21292-78249:Billy Hurley III,21292-78249,G,Billy,Billy Hurley III,Hurley III,47.89200195,25,5100,,,,,
,,,,,,,,,21292-78839:Scott Stallings,21292-78839,G,Scott,Scott Stallings,Stallings,48.93600098,25,5100,,,,,
,,,,,,,,,21292-77823:Aaron Baddeley,21292-77823,G,Aaron,Aaron Baddeley,Baddeley,46.30000064,19,5100,,,,,
,,,,,,,,,21292-79365:Beau Hossler,21292-79365,G,Beau,Beau Hossler,Hossler,39.27500153,8,5000,,,,,
,,,,,,,,,21292-78859:Chris Stroud,21292-78859,G,Chris,Chris Stroud,Stroud,55.72105006,19,5000,,,,,
,,,,,,,,,21292-77867:Jonas Blixt,21292-77867,G,Jonas,Jonas Blixt,Blixt,50.26086957,23,5000,,,,,
,,,,,,,,,21292-77866:Ryan Blaum,21292-77866,G,Ryan,Ryan Blaum,Blaum,55.03103532,29,5000,,,,,
,,,,,,,,,21292-78378:Kelly Kraft,21292-78378,G,Kelly,Kelly Kraft,Kraft,45.28799805,25,5000,,,,,
,,,,,,,,,21292-78295:Matt Jones,21292-78295,G,Matt,Matt Jones,Jones,51.34210526,19,5000,,,,,
,,,,,,,,,21292-78120:Robert Garrigus,21292-78120,G,Robert,Robert Garrigus,Garrigus,54.2416687,24,4900,,,,,
,,,,,,,,,21292-78913:Cameron Tringale,21292-78913,G,Cameron,Cameron Tringale,Tringale,48.33703613,27,4900,,,,,
,,,,,,,,,21292-78150:Cody Gribble,21292-78150,G,Cody,Cody Gribble,Gribble,44.76538555,26,4900,,,,,
,,,,,,,,,21292-77966:Corey Conners,21292-77966,G,Corey,Corey Conners,Conners,7.699999809,1,4900,,,,,
,,,,,,,,,21292-78488:Hunter Mahan,21292-78488,G,Hunter,Hunter Mahan,Mahan,39.13600098,25,4900,,,,,
,,,,,,,,,21292-78066:Derek Fathauer,21292-78066,G,Derek,Derek Fathauer,Fathauer,45.83076829,26,4900,,,,,
,,,,,,,,,21292-78844:Shawn Stefani,21292-78844,G,Shawn,Shawn Stefani,Stefani,44.08799805,25,4900,,,,,
,,,,,,,,,21292-78086:Martin Flores,21292-78086,G,Martin,Martin Flores,Flores,54.12,25,4800,,,,,
,,,,,,,,,21292-78357:Kurt Kitayama,21292-78357,G,Kurt,Kurt Kitayama,Kitayama,68.40000153,2,4800,,,,,
,,,,,,,,,21292-78889:Nick Taylor,21292-78889,G,Nick,Nick Taylor,Taylor,55.24814634,27,4800,,,,,
,,,,,,,,,21292-78140:Talor Gooch,21292-78140,G,Talor,Talor Gooch,Gooch,33.90000153,1,4800,,,,,
,,,,,,,,,21292-78165:Chesson Hadley,21292-78165,G,Chesson,Chesson Hadley,Hadley,53.02857317,7,4800,,,,,
,,,,,,,,,21292-77979:Jon Curran,21292-77979,G,Jon,Jon Curran,Curran,49.87272505,11,4800,,,,,
,,,,,,,,,21292-78543:Troy Merritt,21292-78543,G,Troy,Troy Merritt,Merritt,48.14814815,27,4800,,,,,
,,,,,,,,,21292-78060:Matt Every,21292-78060,G,Matt,Matt Every,Every,34.25862069,29,4800,,,,,
,,,,,,,,,21292-78862:Brian Stuard,21292-78862,G,Brian,Brian Stuard,Stuard,45.24666748,30,4700,,,,,
,,,,,,,,,21292-78684:D.A. Points,21292-78684,G,D.A.,D.A. Points,Points,46.64285714,21,4700,,,,,
,,,,,,,,,21292-78946:Johnson Wagner,21292-78946,G,Johnson,Johnson Wagner,Wagner,40.66399902,25,4700,,,,,
,,,,,,,,,21292-77927:Alex Cejka,21292-77927,G,Alex,Alex Cejka,Cejka,45.24074074,27,4700,,,,,
,,,,,,,,,21292-77929:Greg Chalmers,21292-77929,G,Greg,Greg Chalmers,Chalmers,35.5,27,4700,,,,,
,,,,,,,,,21292-78245:John Huh,21292-78245,G,John,John Huh,Huh,52.25,26,4700,,,,,
,,,,,,,,,21292-78520:Denny McCarthy,21292-78520,G,Denny,Denny McCarthy,McCarthy,0,0,4700,,,,,
,,,,,,,,,21292-77816:Ryan Armour,21292-77816,G,Ryan,Ryan Armour,Armour,49.13684082,19,4700,,,,,
,,,,,,,,,21292-80412:Jamie Sadlowski,21292-80412,G,Jamie,Jamie Sadlowski,Sadlowski,12.5,1,4600,,,,,
,,,,,,,,,21292-78391:Rick Lamb,21292-78391,G,Rick,Rick Lamb,Lamb,41.09444512,18,4600,,,,,
,,,,,,,,,21292-78394:Andrew Landry,21292-78394,G,Andrew,Andrew Landry,Landry,0,0,4600,,,,,
,,,,,,,,,21292-78403:Nate Lashley,21292-78403,G,Nate,Nate Lashley,Lashley,0,0,4600,,,,,
,,,,,,,,,21292-77902:Bronson Burgoon,21292-77902,G,Bronson,Bronson Burgoon,Burgoon,0,0,4600,,,,,
,,,,,,,,,21292-78673:Carl Pettersson,21292-78673,G,Carl,Carl Pettersson,Pettersson,30.55769231,26,4600,,,,,
,,,,,,,,,21292-77907:Angel Cabrera,21292-77907,G,Angel,Angel Cabrera,Cabrera,33.96666667,15,4600,,,,O,Undisclosed
,,,,,,,,,"21292-78690:Ted Potter, Jr.",21292-78690,G,Ted,Ted Potter Jr.,Potter Jr.,39.59999847,2,4600,,,,,
,,,,,,,,,21292-78447:Nicholas Lindheim,21292-78447,G,Nicholas,Nicholas Lindheim,Lindheim,40.80499878,20,4600,,,,,
,,,,,,,,,21292-79480:Lanto Griffin,21292-79480,G,Lanto,Lanto Griffin,Griffin,0,0,4600,,,,,
,,,,,,,,,21292-78714:Jonathan Randolph,21292-78714,G,Jonathan,Jonathan Randolph,Randolph,46.51428513,21,4600,,,,,
,,,,,,,,,21292-78975:Steve Wheatcroft,21292-78975,G,Steve,Steve Wheatcroft,Wheatcroft,43.14374924,16,4600,,,,,
,,,,,,,,,21292-78225:Tom Hoge,21292-78225,G,Tom,Tom Hoge,Hoge,54.50624847,16,4600,,,,,
,,,,,,,,,21292-79005:Bobby Wyatt,21292-79005,G,Bobby,Bobby Wyatt,Wyatt,28.6684217,19,4600,,,,,
,,,,,,,,,21292-78751:Sam Ryder,21292-78751,G,Sam,Sam Ryder,Ryder,16.10000038,1,4600,,,,,
,,,,,,,,,21292-81057:Ben Silverman,21292-81057,G,Ben,Ben Silverman,Silverman,0,0,4600,,,,,
,,,,,,,,,21292-77984:Joel Dahmen,21292-77984,G,Joel,Joel Dahmen,Dahmen,43.38000081,15,4600,,,,,
,,,,,,,,,21292-78268:Stephan Jaeger,21292-78268,G,Stephan,Stephan Jaeger,Jaeger,28.35000038,2,4600,,,,,
,,,,,,,,,21292-77811:Stuart Appleby,21292-77811,G,Stuart,Stuart Appleby,Appleby,29.51999919,15,4600,,,,O,Undisclosed
,,,,,,,,,21292-78846:Brett Stegmaier,21292-78846,G,Brett,Brett Stegmaier,Stegmaier,39.90384615,26,4600,,,,,
,,,,,,,,,21292-78621:Rob Oppenheim,21292-78621,G,Rob,Rob Oppenheim,Oppenheim,41.375,4,4500,,,,,
,,,,,,,,,21292-78118:Brice Garnett,21292-78118,G,Brice,Brice Garnett,Garnett,19.14999962,2,4500,,,,,
,,,,,,,,,21292-78122:Brian Gay,21292-78122,G,Brian,Brian Gay,Gay,53.7173913,23,4500,,,,,
,,,,,,,,,21292-78639:Anthony Paolucci,21292-78639,G,Anthony,Anthony Paolucci,Paolucci,0,0,4500,,,,,
,,,,,,,,,21292-78896:Kyle Thompson,21292-78896,G,Kyle,Kyle Thompson,Thompson,25.60000038,1,4500,,,,,
,,,,,,,,,21292-80949:Tom Lovelady,21292-80949,G,Tom,Tom Lovelady,Lovelady,0,0,4500,,,,,
,,,,,,,,,21292-78908:Ethan Tracy,21292-78908,G,Ethan,Ethan Tracy,Tracy,0,0,4500,,,,,
,,,,,,,,,21292-78142:Jason Gore,21292-78142,G,Jason,Jason Gore,Gore,34,5,4500,,,,,
,,,,,,,,,21292-78680:Martin Piller,21292-78680,G,Martin,Martin Piller,Piller,11.80000019,1,4500,,,,,
,,,,,,,,,21292-79454:Tyler Duncan,21292-79454,G,Tyler,Tyler Duncan,Duncan,0,0,4500,,,,,
,,,,,,,,,21292-78694:Dicky Pride,21292-78694,G,Dicky,Dicky Pride,Pride,60.91666667,6,4500,,,,,
,,,,,,,,,21292-78186:Brandon Harkins,21292-78186,G,Brandon,Brandon Harkins,Harkins,0,0,4500,,,,,
,,,,,,,,,21292-78698:Andrew Putnam,21292-78698,G,Andrew,Andrew Putnam,Putnam,0,0,4500,,,,,
,,,,,,,,,21292-78462:Andrew Loupe,21292-78462,G,Andrew,Andrew Loupe,Loupe,32.34761847,21,4500,,,,,
,,,,,,,,,21292-78992:Aaron Wise,21292-78992,G,Aaron,Aaron Wise,Wise,58.1166687,6,4500,,,,,
,,,,,,,,,21292-78741:John Rollins,21292-78741,G,John,John Rollins,Rollins,29.5,5,4500,,,,,
,,,,,,,,,21292-79764:Kevin Dougherty,21292-79764,G,Kevin,Kevin Dougherty,Dougherty,30.60000038,2,4500,,,,,
,,,,,,,,,21292-77986:John Daly,21292-77986,G,John,John Daly,Daly,11.125,4,4500,,,,,
,,,,,,,,,21292-77993:Brian Davis,21292-77993,G,Brian,Brian Davis,Davis,15,1,4500,,,,,
,,,,,,,,,21292-79017:Andrew Yun,21292-79017,G,Andrew,Andrew Yun,Yun,0,0,4500,,,,,
,,,,,,,,,21292-79022:Xinjun Zhang,21292-79022,G,Xinjun,Xinjun Zhang,Zhang,83.19999695,1,4500,,,,,
,,,,,,,,,21292-78769:Adam Schenk,21292-78769,G,Adam,Adam Schenk,Schenk,0,0,4500,,,,,
,,,,,,,,,21292-78772:Jason Schmuhl,21292-78772,G,Jason,Jason Schmuhl,Schmuhl,21.5,1,4500,,,,,
,,,,,,,,,21292-78013:Roberto Diaz,21292-78013,G,Roberto,Roberto Diaz,Diaz,24,3,4500,,,,,
,,,,,,,,,21292-78022:Zecheng Dou,21292-78022,G,Zecheng,Zecheng Dou,Dou,56,1,4500,,,,,
,,,,,,,,,21292-78797:Conrad Shindler,21292-78797,G,Conrad,Conrad Shindler,Shindler,0,0,4500,,,,,
,,,,,,,,,21292-78035:Ken Duke,21292-78035,G,Ken,Ken Duke,Duke,40.96399902,25,4500,,,,,
,,,,,,,,,21292-78552:Keith Mitchell,21292-78552,G,Keith,Keith Mitchell,Mitchell,78.59999847,1,4500,,,,,
,,,,,,,,,21292-77801:Steve Allan,21292-77801,G,Steve,Steve Allan,Allan,0,0,4500,,,,,
,,,,,,,,,21292-77806:Abraham Ancer,21292-77806,G,Abraham,Abraham Ancer,Ancer,67.90000153,1,4500,,,,,
,,,,,,,,,21292-77820:Matt Atkins,21292-77820,G,Matt,Matt Atkins,Atkins,62.79999924,1,4500,,,,,
