G,G,G,G,G,G,,Instructions,,,,,,
,,,,,,,1. Locate the player you want to select in the list below ,,,,,,
,,,,,,,2. Copy the ID of your player (you can use the Name + ID column or the ID column) ,,,,,,
,,,,,,,3. Paste the ID into the roster position desired ,,,,,,
,,,,,,,4. You must include an ID for each player; you cannot use just the player's name ,,,,,,
,,,,,,,5. You can create up to 500 lineups per file ,,,,,,
 ,,,,,,,,,,,,,
,,,,,,,Position,Name + ID,Name,ID,Salary,GameInfo,TeamAbbrev 
,,,,,,,G,Dustin Johnson (9123108),Dustin Johnson,9123108,12200,RBC Canadian Open,Golf
,,,,,,,G,Matt Kuchar (9123109),Matt Kuchar,9123109,11400,RBC Canadian Open,Golf
,,,,,,,G,Charley Hoffman (9123110),Charley Hoffman,9123110,10300,RBC Canadian Open,Golf
,,,,,,,G,Brandt Snedeker (9123111),Brandt Snedeker,9123111,9800,RBC Canadian Open,Golf
,,,,,,,G,Tony Finau (9123112),Tony Finau,9123112,9500,RBC Canadian Open,Golf
,,,,,,,G,Bubba Watson (9123113),Bubba Watson,9123113,9400,RBC Canadian Open,Golf
,,,,,,,G,Jim Furyk (9123114),Jim Furyk,9123114,9100,RBC Canadian Open,Golf
,,,,,,,G,Kevin Chappell (9123115),Kevin Chappell,9123115,9000,RBC Canadian Open,Golf
,,,,,,,G,Keegan Bradley (9123116),Keegan Bradley,9123116,8900,RBC Canadian Open,Golf
,,,,,,,G,David Lingmerth (9123117),David Lingmerth,9123117,8800,RBC Canadian Open,Golf
,,,,,,,G,Ian Poulter (9123118),Ian Poulter,9123118,8700,RBC Canadian Open,Golf
,,,,,,,G,Shane Lowry (9123119),Shane Lowry,9123119,8600,RBC Canadian Open,Golf
,,,,,,,G,J.B. Holmes (9123120),J.B. Holmes,9123120,8500,RBC Canadian Open,Golf
,,,,,,,G,Harris English (9123121),Harris English,9123121,8400,RBC Canadian Open,Golf
,,,,,,,G,Graham DeLaet (9123122),Graham DeLaet,9123122,8300,RBC Canadian Open,Golf
,,,,,,,G,Ben Martin (9123123),Ben Martin,9123123,8200,RBC Canadian Open,Golf
,,,,,,,G,Robby Shelton (9123124),Robby Shelton,9123124,8100,RBC Canadian Open,Golf
,,,,,,,G,Patrick Cantlay (9123125),Patrick Cantlay,9123125,8100,RBC Canadian Open,Golf
,,,,,,,G,Danny Lee (9123126),Danny Lee,9123126,8000,RBC Canadian Open,Golf
,,,,,,,G,Grayson Murray (9123127),Grayson Murray,9123127,8000,RBC Canadian Open,Golf
,,,,,,,G,Gary Woodland (9123128),Gary Woodland,9123128,7900,RBC Canadian Open,Golf
,,,,,,,G,Nick Taylor (9123129),Nick Taylor,9123129,7900,RBC Canadian Open,Golf
,,,,,,,G,Sung Kang (9123130),Sung Kang,9123130,7900,RBC Canadian Open,Golf
,,,,,,,G,Hudson Swafford (9123131),Hudson Swafford,9123131,7800,RBC Canadian Open,Golf
,,,,,,,G,Kelly Kraft (9123132),Kelly Kraft,9123132,7800,RBC Canadian Open,Golf
,,,,,,,G,Graeme McDowell (9123133),Graeme McDowell,9123133,7700,RBC Canadian Open,Golf
,,,,,,,G,Kevin Tway (9123134),Kevin Tway,9123134,7700,RBC Canadian Open,Golf
,,,,,,,G,Anirban Lahiri (9123135),Anirban Lahiri,9123135,7600,RBC Canadian Open,Golf
,,,,,,,G,James Hahn (9123136),James Hahn,9123136,7600,RBC Canadian Open,Golf
,,,,,,,G,Luke List (9123137),Luke List,9123137,7600,RBC Canadian Open,Golf
,,,,,,,G,Vaughn Taylor (9123138),Vaughn Taylor,9123138,7600,RBC Canadian Open,Golf
,,,,,,,G,Chez Reavie (9123139),Chez Reavie,9123139,7500,RBC Canadian Open,Golf
,,,,,,,G,Chad Campbell (9123140),Chad Campbell,9123140,7500,RBC Canadian Open,Golf
,,,,,,,G,Curtis Luck (9123141),Curtis Luck,9123141,7500,RBC Canadian Open,Golf
,,,,,,,G,Geoff Ogilvy (9123142),Geoff Ogilvy,9123142,7500,RBC Canadian Open,Golf
,,,,,,,G,Cheng-Tsung Pan (9123143),Cheng-Tsung Pan,9123143,7500,RBC Canadian Open,Golf
,,,,,,,G,Scott Stallings (9123144),Scott Stallings,9123144,7500,RBC Canadian Open,Golf
,,,,,,,G,Seung-Yul Noh (9123145),Seung-Yul Noh,9123145,7400,RBC Canadian Open,Golf
,,,,,,,G,Adam Hadwin (9123146),Adam Hadwin,9123146,7400,RBC Canadian Open,Golf
,,,,,,,G,Smylie Kaufman (9123147),Smylie Kaufman,9123147,7400,RBC Canadian Open,Golf
,,,,,,,G,Ricky Barnes (9123148),Ricky Barnes,9123148,7400,RBC Canadian Open,Golf
,,,,,,,G,Stewart Cink (9123149),Stewart Cink,9123149,7400,RBC Canadian Open,Golf
,,,,,,,G,Chris Kirk (9123150),Chris Kirk,9123150,7300,RBC Canadian Open,Golf
,,,,,,,G,Ryan Blaum (9123151),Ryan Blaum,9123151,7300,RBC Canadian Open,Golf
,,,,,,,G,Sean O'Hair (9123152),Sean O'Hair,9123152,7300,RBC Canadian Open,Golf
,,,,,,,G,Jim Herman (9123153),Jim Herman,9123153,7300,RBC Canadian Open,Golf
,,,,,,,G,Sebastian Munoz (9123154),Sebastian Munoz,9123154,7300,RBC Canadian Open,Golf
,,,,,,,G,Ollie Schniederjans (9123155),Ollie Schniederjans,9123155,7200,RBC Canadian Open,Golf
,,,,,,,G,Johnny Ruiz (9123156),Johnny Ruiz,9123156,7200,RBC Canadian Open,Golf
,,,,,,,G,Camilo Villegas (9123157),Camilo Villegas,9123157,7200,RBC Canadian Open,Golf
,,,,,,,G,Jared du Toit (9123158),Jared du Toit,9123158,7200,RBC Canadian Open,Golf
,,,,,,,G,Dominic Bozzelli (9123159),Dominic Bozzelli,9123159,7200,RBC Canadian Open,Golf
,,,,,,,G,Brian Stuard (9123160),Brian Stuard,9123160,7100,RBC Canadian Open,Golf
,,,,,,,G,Joel Dahmen (9123161),Joel Dahmen,9123161,7100,RBC Canadian Open,Golf
,,,,,,,G,Andres Romero (9123162),Andres Romero,9123162,7100,RBC Canadian Open,Golf
,,,,,,,G,Boo Weekley (9123163),Boo Weekley,9123163,7100,RBC Canadian Open,Golf
,,,,,,,G,Greg Chalmers (9123164),Greg Chalmers,9123164,7100,RBC Canadian Open,Golf
,,,,,,,G,Daniel Summerhays (9123165),Daniel Summerhays,9123165,7000,RBC Canadian Open,Golf
,,,,,,,G,Patrick Rodgers (9123166),Patrick Rodgers,9123166,7000,RBC Canadian Open,Golf
,,,,,,,G,Nick Watney (9123167),Nick Watney,9123167,7000,RBC Canadian Open,Golf
,,,,,,,G,Jhonattan Vegas (9123168),Jhonattan Vegas,9123168,7000,RBC Canadian Open,Golf
,,,,,,,G,Steve Wheatcroft (9123169),Steve Wheatcroft,9123169,7000,RBC Canadian Open,Golf
,,,,,,,G,Jonathan Randolph (9123170),Jonathan Randolph,9123170,7000,RBC Canadian Open,Golf
,,,,,,,G,Tyrone Van Aswegen (9123171),Tyrone Van Aswegen,9123171,7000,RBC Canadian Open,Golf
,,,,,,,G,Matt Every (9123172),Matt Every,9123172,7000,RBC Canadian Open,Golf
,,,,,,,G,Gonzalo Fernandez-Castano (9123173),Gonzalo Fernandez-Castano,9123173,7000,RBC Canadian Open,Golf
,,,,,,,G,Steven Alker (9123174),Steven Alker,9123174,7000,RBC Canadian Open,Golf
,,,,,,,G,David Hearn (9123175),David Hearn,9123175,6900,RBC Canadian Open,Golf
,,,,,,,G,Cameron Tringale (9123176),Cameron Tringale,9123176,6900,RBC Canadian Open,Golf
,,,,,,,G,Trey Mullinax (9123177),Trey Mullinax,9123177,6900,RBC Canadian Open,Golf
,,,,,,,G,Scott Piercy (9123178),Scott Piercy,9123178,6900,RBC Canadian Open,Golf
,,,,,,,G,Brandon Hagy (9123179),Brandon Hagy,9123179,6900,RBC Canadian Open,Golf
,,,,,,,G,Spencer Levin (9123180),Spencer Levin,9123180,6900,RBC Canadian Open,Golf
,,,,,,,G,Shawn Stefani (9123181),Shawn Stefani,9123181,6900,RBC Canadian Open,Golf
,,,,,,,G,Chad Collins (9123182),Chad Collins,9123182,6900,RBC Canadian Open,Golf
,,,,,,,G,Hunter Mahan (9123183),Hunter Mahan,9123183,6900,RBC Canadian Open,Golf
,,,,,,,G,J.J. Spaun (9123184),J.J. Spaun,9123184,6900,RBC Canadian Open,Golf
,,,,,,,G,Tim Wilkinson (9123185),Tim Wilkinson,9123185,6900,RBC Canadian Open,Golf
,,,,,,,G,Hugo Bernard (9123186),Hugo Bernard,9123186,6900,RBC Canadian Open,Golf
,,,,,,,G,Charlie Beljan (9123187),Charlie Beljan,9123187,6900,RBC Canadian Open,Golf
,,,,,,,G,Mike Weir (9123188),Mike Weir,9123188,6900,RBC Canadian Open,Golf
,,,,,,,G,Ryan Palmer (9123189),Ryan Palmer,9123189,6900,RBC Canadian Open,Golf
,,,,,,,G,Cameron Percy (9123190),Cameron Percy,9123190,6800,RBC Canadian Open,Golf
,,,,,,,G,Rick Lamb (9123191),Rick Lamb,9123191,6800,RBC Canadian Open,Golf
,,,,,,,G,JT Poston (9123192),JT Poston,9123192,6800,RBC Canadian Open,Golf
,,,,,,,G,John Huh (9123193),John Huh,9123193,6800,RBC Canadian Open,Golf
,,,,,,,G,Whee Kim (9123194),Whee Kim,9123194,6800,RBC Canadian Open,Golf
,,,,,,,G,Andres Gonzales (9123195),Andres Gonzales,9123195,6800,RBC Canadian Open,Golf
,,,,,,,G,Max Homa (9123196),Max Homa,9123196,6800,RBC Canadian Open,Golf
,,,,,,,G,Matt Jones (9123197),Matt Jones,9123197,6800,RBC Canadian Open,Golf
,,,,,,,G,Harold Varner (9123198),Harold Varner,9123198,6800,RBC Canadian Open,Golf
,,,,,,,G,K.J. Choi (9123199),K.J. Choi,9123199,6800,RBC Canadian Open,Golf
,,,,,,,G,Ernie Els (9123200),Ernie Els,9123200,6800,RBC Canadian Open,Golf
,,,,,,,G,Ryan Ruffels (9123201),Ryan Ruffels,9123201,6800,RBC Canadian Open,Golf
,,,,,,,G,Cameron Smith (9123202),Cameron Smith,9123202,6800,RBC Canadian Open,Golf
,,,,,,,G,Morgan Hoffmann (9123203),Morgan Hoffmann,9123203,6800,RBC Canadian Open,Golf
,,,,,,,G,Mackenzie Hughes (9123204),Mackenzie Hughes,9123204,6800,RBC Canadian Open,Golf
,,,,,,,G,Seamus Power (9123205),Seamus Power,9123205,6800,RBC Canadian Open,Golf
,,,,,,,G,Mark Anderson (9123206),Mark Anderson,9123206,6800,RBC Canadian Open,Golf
,,,,,,,G,Wyndham Clark (9123207),Wyndham Clark,9123207,6700,RBC Canadian Open,Golf
,,,,,,,G,Sam Horsfield (9123208),Sam Horsfield,9123208,6700,RBC Canadian Open,Golf
,,,,,,,G,Austin James (9123209),Austin James,9123209,6700,RBC Canadian Open,Golf
,,,,,,,G,Matt Hill (9123210),Matt Hill,9123210,6700,RBC Canadian Open,Golf
,,,,,,,G,William McGirt (9123211),William McGirt,9123211,6700,RBC Canadian Open,Golf
,,,,,,,G,Jason Kokrak (9123212),Jason Kokrak,9123212,6700,RBC Canadian Open,Golf
,,,,,,,G,Brian Gay (9123213),Brian Gay,9123213,6700,RBC Canadian Open,Golf
,,,,,,,G,Retief Goosen (9123214),Retief Goosen,9123214,6700,RBC Canadian Open,Golf
,,,,,,,G,Ben Crane (9123215),Ben Crane,9123215,6700,RBC Canadian Open,Golf
,,,,,,,G,Troy Merritt (9123216),Troy Merritt,9123216,6700,RBC Canadian Open,Golf
,,,,,,,G,J.J. Henry (9123217),J.J. Henry,9123217,6700,RBC Canadian Open,Golf
,,,,,,,G,Roberto Castro (9123218),Roberto Castro,9123218,6700,RBC Canadian Open,Golf
,,,,,,,G,Brian Campbell (9123219),Brian Campbell,9123219,6700,RBC Canadian Open,Golf
,,,,,,,G,D.A. Points (9123220),D.A. Points,9123220,6700,RBC Canadian Open,Golf
,,,,,,,G,Nicholas Lindheim (9123221),Nicholas Lindheim,9123221,6700,RBC Canadian Open,Golf
,,,,,,,G,Andrew Loupe (9123222),Andrew Loupe,9123222,6700,RBC Canadian Open,Golf
,,,,,,,G,Ken Duke (9123223),Ken Duke,9123223,6700,RBC Canadian Open,Golf
,,,,,,,G,Ryan Williams (9123224),Ryan Williams,9123224,6700,RBC Canadian Open,Golf
,,,,,,,G,Jason Bohn (9123225),Jason Bohn,9123225,6600,RBC Canadian Open,Golf
,,,,,,,G,Garrett Rank (9123226),Garrett Rank,9123226,6600,RBC Canadian Open,Golf
,,,,,,,G,Alex Cejka (9123227),Alex Cejka,9123227,6600,RBC Canadian Open,Golf
,,,,,,,G,Peter Malnati (9123228),Peter Malnati,9123228,6600,RBC Canadian Open,Golf
,,,,,,,G,Ryan Armour (9123229),Ryan Armour,9123229,6600,RBC Canadian Open,Golf
,,,,,,,G,Cody Gribble (9123230),Cody Gribble,9123230,6600,RBC Canadian Open,Golf
,,,,,,,G,Brett Drewitt (9123231),Brett Drewitt,9123231,6600,RBC Canadian Open,Golf
,,,,,,,G,Carl Pettersson (9123232),Carl Pettersson,9123232,6600,RBC Canadian Open,Golf
,,,,,,,G,Robert Garrigus (9123233),Robert Garrigus,9123233,6600,RBC Canadian Open,Golf
,,,,,,,G,Rory Sabbatini (9123234),Rory Sabbatini,9123234,6600,RBC Canadian Open,Golf
,,,,,,,G,Zac Blair (9123235),Zac Blair,9123235,6600,RBC Canadian Open,Golf
,,,,,,,G,Martin Flores (9123236),Martin Flores,9123236,6600,RBC Canadian Open,Golf
,,,,,,,G,Brett Stegmaier (9123237),Brett Stegmaier,9123237,6600,RBC Canadian Open,Golf
,,,,,,,G,Shane Bertsch (9123238),Shane Bertsch,9123238,6600,RBC Canadian Open,Golf
,,,,,,,G,Bryn Parry (9123239),Bryn Parry,9123239,6600,RBC Canadian Open,Golf
,,,,,,,G,Daniel Kim (9123240),Daniel Kim,9123240,6600,RBC Canadian Open,Golf
,,,,,,,G,Michael Kim (9123241),Michael Kim,9123241,6600,RBC Canadian Open,Golf
,,,,,,,G,Tag Ridings (9123242),Tag Ridings,9123242,6500,RBC Canadian Open,Golf
,,,,,,,G,Billy Hurley (9123243),Billy Hurley,9123243,6500,RBC Canadian Open,Golf
,,,,,,,G,Miguel Angel Carballo (9123244),Miguel Angel Carballo,9123244,6500,RBC Canadian Open,Golf
,,,,,,,G,Scott Brown (9123245),Scott Brown,9123245,6500,RBC Canadian Open,Golf
,,,,,,,G,Johnson Wagner (9123246),Johnson Wagner,9123246,6500,RBC Canadian Open,Golf
,,,,,,,G,Julian Etulain (9123247),Julian Etulain,9123247,6500,RBC Canadian Open,Golf
,,,,,,,G,Blayne Barber (9123248),Blayne Barber,9123248,6500,RBC Canadian Open,Golf
,,,,,,,G,Mark Hubbard (9123249),Mark Hubbard,9123249,6500,RBC Canadian Open,Golf
,,,,,,,G,Vijay Singh (9123250),Vijay Singh,9123250,6500,RBC Canadian Open,Golf
,,,,,,,G,Kyle Reifers (9123251),Kyle Reifers,9123251,6500,RBC Canadian Open,Golf
,,,,,,,G,Kramer Hickok (9123252),Kramer Hickok,9123252,6500,RBC Canadian Open,Golf
,,,,,,,G,Richy Werenski (9123253),Richy Werenski,9123253,6500,RBC Canadian Open,Golf
,,,,,,,G,Ryan Brehm (9123254),Ryan Brehm,9123254,6500,RBC Canadian Open,Golf
,,,,,,,G,Bryce Molder (9123255),Bryce Molder,9123255,6500,RBC Canadian Open,Golf
,,,,,,,G,Ryo Ishikawa (9123256),Ryo Ishikawa,9123256,6500,RBC Canadian Open,Golf
,,,,,,,G,Bob Estes (9123257),Bob Estes,9123257,6500,RBC Canadian Open,Golf
,,,,,,,G,Bobby Wyatt (9123258),Bobby Wyatt,9123258,6500,RBC Canadian Open,Golf
,,,,,,,G,Brad Fritsch (9123259),Brad Fritsch,9123259,6500,RBC Canadian Open,Golf
