G,G,G,G,G,G,,Instructions,,,,,,
,,,,,,,1. Locate the player you want to select in the list below ,,,,,,
,,,,,,,2. Copy the ID of your player (you can use the Name + ID column or the ID column) ,,,,,,
,,,,,,,3. Paste the ID into the roster position desired ,,,,,,
,,,,,,,4. You must include an ID for each player; you cannot use just the player's name ,,,,,,
,,,,,,,5. You can create up to 500 lineups per file ,,,,,,
 ,,,,,,,,,,,,,
,,,,,,,Position,Name + ID,Name,ID,Salary,GameInfo,TeamAbbrev 
,,,,,,,G,Henrik Stenson (9251855),Henrik Stenson,9251855,11500,Wyndham Championship,Golf
,,,,,,,G,Kevin Kisner (9251856),Kevin Kisner,9251856,11300,Wyndham Championship,Golf
,,,,,,,G,Jason Dufner (9251857),Jason Dufner,9251857,10400,Wyndham Championship,Golf
,,,,,,,G,Bill Haas (9251858),Bill Haas,9251858,10200,Wyndham Championship,Golf
,,,,,,,G,Webb Simpson (9251859),Webb Simpson,9251859,10000,Wyndham Championship,Golf
,,,,,,,G,Ryan Moore (9251860),Ryan Moore,9251860,9600,Wyndham Championship,Golf
,,,,,,,G,Keegan Bradley (9251861),Keegan Bradley,9251861,9500,Wyndham Championship,Golf
,,,,,,,G,Kyle Stanley (9251862),Kyle Stanley,9251862,9300,Wyndham Championship,Golf
,,,,,,,G,Bud Cauley (9251863),Bud Cauley,9251863,9200,Wyndham Championship,Golf
,,,,,,,G,Grayson Murray (9251864),Grayson Murray,9251864,9100,Wyndham Championship,Golf
,,,,,,,G,James Hahn (9251865),James Hahn,9251865,9000,Wyndham Championship,Golf
,,,,,,,G,Byeong-Hun An (9251866),Byeong-Hun An,9251866,8900,Wyndham Championship,Golf
,,,,,,,G,Ben Martin (9251867),Ben Martin,9251867,8800,Wyndham Championship,Golf
,,,,,,,G,Danny Lee (9251868),Danny Lee,9251868,8700,Wyndham Championship,Golf
,,,,,,,G,Chris Stroud (9251869),Chris Stroud,9251869,8600,Wyndham Championship,Golf
,,,,,,,G,Shane Lowry (9251870),Shane Lowry,9251870,8500,Wyndham Championship,Golf
,,,,,,,G,Lucas Glover (9251871),Lucas Glover,9251871,8400,Wyndham Championship,Golf
,,,,,,,G,Kevin Streelman (9251872),Kevin Streelman,9251872,8300,Wyndham Championship,Golf
,,,,,,,G,Scott Brown (9251873),Scott Brown,9251873,8200,Wyndham Championship,Golf
,,,,,,,G,Chez Reavie (9251874),Chez Reavie,9251874,8100,Wyndham Championship,Golf
,,,,,,,G,Sam Saunders (9251875),Sam Saunders,9251875,8100,Wyndham Championship,Golf
,,,,,,,G,Seamus Power (9251876),Seamus Power,9251876,8000,Wyndham Championship,Golf
,,,,,,,G,Harris English (9251877),Harris English,9251877,8000,Wyndham Championship,Golf
,,,,,,,G,Chesson Hadley (9251879),Chesson Hadley,9251879,7900,Wyndham Championship,Golf
,,,,,,,G,Chad Campbell (9251882),Chad Campbell,9251882,7900,Wyndham Championship,Golf
,,,,,,,G,Martin Laird (9251880),Martin Laird,9251880,7800,Wyndham Championship,Golf
,,,,,,,G,Kevin Tway (9251881),Kevin Tway,9251881,7800,Wyndham Championship,Golf
,,,,,,,G,Billy Horschel (9251883),Billy Horschel,9251883,7700,Wyndham Championship,Golf
,,,,,,,G,Robert Streb (9251884),Robert Streb,9251884,7700,Wyndham Championship,Golf
,,,,,,,G,Russell Knox (9251889),Russell Knox,9251889,7700,Wyndham Championship,Golf
,,,,,,,G,Ollie Schniederjans (9251885),Ollie Schniederjans,9251885,7600,Wyndham Championship,Golf
,,,,,,,G,Cheng-Tsung Pan (9251886),Cheng-Tsung Pan,9251886,7600,Wyndham Championship,Golf
,,,,,,,G,Anirban Lahiri (9251887),Anirban Lahiri,9251887,7600,Wyndham Championship,Golf
,,,,,,,G,Martin Flores (9251888),Martin Flores,9251888,7600,Wyndham Championship,Golf
,,,,,,,G,Kevin Na (9251878),Kevin Na,9251878,7500,Wyndham Championship,Golf
,,,,,,,G,Soren Kjeldsen (9251890),Soren Kjeldsen,9251890,7500,Wyndham Championship,Golf
,,,,,,,G,Emiliano Grillo (9251891),Emiliano Grillo,9251891,7500,Wyndham Championship,Golf
,,,,,,,G,Brandon Hagy (9251892),Brandon Hagy,9251892,7400,Wyndham Championship,Golf
,,,,,,,G,Hao-Tong Li (9251893),Hao-Tong Li,9251893,7400,Wyndham Championship,Golf
,,,,,,,G,Scott Stallings (9251894),Scott Stallings,9251894,7400,Wyndham Championship,Golf
,,,,,,,G,Smylie Kaufman (9251895),Smylie Kaufman,9251895,7400,Wyndham Championship,Golf
,,,,,,,G,Richy Werenski (9251896),Richy Werenski,9251896,7400,Wyndham Championship,Golf
,,,,,,,G,Graeme McDowell (9251897),Graeme McDowell,9251897,7300,Wyndham Championship,Golf
,,,,,,,G,Brian Gay (9251898),Brian Gay,9251898,7300,Wyndham Championship,Golf
,,,,,,,G,Jason Kokrak (9251899),Jason Kokrak,9251899,7300,Wyndham Championship,Golf
,,,,,,,G,Blayne Barber (9251900),Blayne Barber,9251900,7300,Wyndham Championship,Golf
,,,,,,,G,Harold Varner (9251901),Harold Varner,9251901,7300,Wyndham Championship,Golf
,,,,,,,G,Ryan Palmer (9251902),Ryan Palmer,9251902,7300,Wyndham Championship,Golf
,,,,,,,G,Andres Romero (9251903),Andres Romero,9251903,7200,Wyndham Championship,Golf
,,,,,,,G,Nick Watney (9251904),Nick Watney,9251904,7200,Wyndham Championship,Golf
,,,,,,,G,Morgan Hoffmann (9251905),Morgan Hoffmann,9251905,7200,Wyndham Championship,Golf
,,,,,,,G,Rory Sabbatini (9251906),Rory Sabbatini,9251906,7200,Wyndham Championship,Golf
,,,,,,,G,William McGirt (9251907),William McGirt,9251907,7200,Wyndham Championship,Golf
,,,,,,,G,Patton Kizzire (9251908),Patton Kizzire,9251908,7200,Wyndham Championship,Golf
,,,,,,,G,Daniel Summerhays (9251909),Daniel Summerhays,9251909,7100,Wyndham Championship,Golf
,,,,,,,G,Tyrone Van Aswegen (9251910),Tyrone Van Aswegen,9251910,7100,Wyndham Championship,Golf
,,,,,,,G,Tom Hoge (9251911),Tom Hoge,9251911,7100,Wyndham Championship,Golf
,,,,,,,G,Matt Jones (9251912),Matt Jones,9251912,7100,Wyndham Championship,Golf
,,,,,,,G,Padraig Harrington (9251913),Padraig Harrington,9251913,7100,Wyndham Championship,Golf
,,,,,,,G,Johnson Wagner (9251914),Johnson Wagner,9251914,7000,Wyndham Championship,Golf
,,,,,,,G,D.A. Points (9251915),D.A. Points,9251915,7000,Wyndham Championship,Golf
,,,,,,,G,Jonas Blixt (9251916),Jonas Blixt,9251916,7000,Wyndham Championship,Golf
,,,,,,,G,Ricky Barnes (9251917),Ricky Barnes,9251917,7000,Wyndham Championship,Golf
,,,,,,,G,Luke Donald (9251918),Luke Donald,9251918,7000,Wyndham Championship,Golf
,,,,,,,G,David Hearn (9251919),David Hearn,9251919,7000,Wyndham Championship,Golf
,,,,,,,G,Nick Taylor (9251920),Nick Taylor,9251920,7000,Wyndham Championship,Golf
,,,,,,,G,Cameron Smith (9251921),Cameron Smith,9251921,7000,Wyndham Championship,Golf
,,,,,,,G,Aaron Baddeley (9251922),Aaron Baddeley,9251922,7000,Wyndham Championship,Golf
,,,,,,,G,Kyle Reifers (9251923),Kyle Reifers,9251923,7000,Wyndham Championship,Golf
,,,,,,,G,Geoff Ogilvy (9251924),Geoff Ogilvy,9251924,6900,Wyndham Championship,Golf
,,,,,,,G,Shawn Stefani (9251925),Shawn Stefani,9251925,6900,Wyndham Championship,Golf
,,,,,,,G,Spencer Levin (9251926),Spencer Levin,9251926,6900,Wyndham Championship,Golf
,,,,,,,G,Willy Wilcox (9251927),Willy Wilcox,9251927,6900,Wyndham Championship,Golf
,,,,,,,G,Seung-Yul Noh (9251928),Seung-Yul Noh,9251928,6900,Wyndham Championship,Golf
,,,,,,,G,Ryan Blaum (9251929),Ryan Blaum,9251929,6900,Wyndham Championship,Golf
,,,,,,,G,Cameron Tringale (9251930),Cameron Tringale,9251930,6900,Wyndham Championship,Golf
,,,,,,,G,Sebastian Munoz (9251931),Sebastian Munoz,9251931,6900,Wyndham Championship,Golf
,,,,,,,G,Zac Blair (9251932),Zac Blair,9251932,6900,Wyndham Championship,Golf
,,,,,,,G,Peter Malnati (9251933),Peter Malnati,9251933,6900,Wyndham Championship,Golf
,,,,,,,G,Brett Stegmaier (9251934),Brett Stegmaier,9251934,6900,Wyndham Championship,Golf
,,,,,,,G,Trey Mullinax (9251935),Trey Mullinax,9251935,6900,Wyndham Championship,Golf
,,,,,,,G,Rick Lamb (9251936),Rick Lamb,9251936,6900,Wyndham Championship,Golf
,,,,,,,G,Greg Owen (9251937),Greg Owen,9251937,6900,Wyndham Championship,Golf
,,,,,,,G,Bryce Molder (9251938),Bryce Molder,9251938,6900,Wyndham Championship,Golf
,,,,,,,G,Camilo Villegas (9251939),Camilo Villegas,9251939,6900,Wyndham Championship,Golf
,,,,,,,G,Roberto Castro (9251940),Roberto Castro,9251940,6800,Wyndham Championship,Golf
,,,,,,,G,Ben Crane (9251941),Ben Crane,9251941,6800,Wyndham Championship,Golf
,,,,,,,G,Matt Every (9251942),Matt Every,9251942,6800,Wyndham Championship,Golf
,,,,,,,G,Ryan Brehm (9251943),Ryan Brehm,9251943,6800,Wyndham Championship,Golf
,,,,,,,G,Andrew Loupe (9251944),Andrew Loupe,9251944,6800,Wyndham Championship,Golf
,,,,,,,G,Vaughn Taylor (9251945),Vaughn Taylor,9251945,6800,Wyndham Championship,Golf
,,,,,,,G,J.J. Spaun (9251946),J.J. Spaun,9251946,6800,Wyndham Championship,Golf
,,,,,,,G,Cameron Percy (9251947),Cameron Percy,9251947,6800,Wyndham Championship,Golf
,,,,,,,G,Michael Kim (9251948),Michael Kim,9251948,6800,Wyndham Championship,Golf
,,,,,,,G,Retief Goosen (9251949),Retief Goosen,9251949,6800,Wyndham Championship,Golf
,,,,,,,G,John Huh (9251950),John Huh,9251950,6800,Wyndham Championship,Golf
,,,,,,,G,Derek Fathauer (9251951),Derek Fathauer,9251951,6800,Wyndham Championship,Golf
,,,,,,,G,JT Poston (9251952),JT Poston,9251952,6800,Wyndham Championship,Golf
,,,,,,,G,Stuart Appleby (9251953),Stuart Appleby,9251953,6800,Wyndham Championship,Golf
,,,,,,,G,Billy Hurley (9251954),Billy Hurley,9251954,6800,Wyndham Championship,Golf
,,,,,,,G,Dominic Bozzelli (9251955),Dominic Bozzelli,9251955,6800,Wyndham Championship,Golf
,,,,,,,G,Dicky Pride (9251956),Dicky Pride,9251956,6800,Wyndham Championship,Golf
,,,,,,,G,Whee Kim (9251957),Whee Kim,9251957,6700,Wyndham Championship,Golf
,,,,,,,G,Chad Collins (9251958),Chad Collins,9251958,6700,Wyndham Championship,Golf
,,,,,,,G,Cody Gribble (9251959),Cody Gribble,9251959,6700,Wyndham Championship,Golf
,,,,,,,G,Carl Pettersson (9251960),Carl Pettersson,9251960,6700,Wyndham Championship,Golf
,,,,,,,G,Jonathan Randolph (9251961),Jonathan Randolph,9251961,6700,Wyndham Championship,Golf
,,,,,,,G,Ryan Armour (9251962),Ryan Armour,9251962,6700,Wyndham Championship,Golf
,,,,,,,G,Brett Drewitt (9251963),Brett Drewitt,9251963,6700,Wyndham Championship,Golf
,,,,,,,G,Bob Estes (9251964),Bob Estes,9251964,6700,Wyndham Championship,Golf
,,,,,,,G,Brian Davis (9251965),Brian Davis,9251965,6700,Wyndham Championship,Golf
,,,,,,,G,Mark Anderson (9251966),Mark Anderson,9251966,6700,Wyndham Championship,Golf
,,,,,,,G,Tag Ridings (9251967),Tag Ridings,9251967,6700,Wyndham Championship,Golf
,,,,,,,G,Jonathan Byrd (9251968),Jonathan Byrd,9251968,6700,Wyndham Championship,Golf
,,,,,,,G,Andres Gonzales (9251969),Andres Gonzales,9251969,6700,Wyndham Championship,Golf
,,,,,,,G,Miguel Angel Carballo (9251970),Miguel Angel Carballo,9251970,6700,Wyndham Championship,Golf
,,,,,,,G,J.J. Henry (9251971),J.J. Henry,9251971,6700,Wyndham Championship,Golf
,,,,,,,G,Ryan Ruffels (9251972),Ryan Ruffels,9251972,6700,Wyndham Championship,Golf
,,,,,,,G,Greg Chalmers (9251973),Greg Chalmers,9251973,6700,Wyndham Championship,Golf
,,,,,,,G,Mark Hubbard (9251974),Mark Hubbard,9251974,6600,Wyndham Championship,Golf
,,,,,,,G,Brian Campbell (9251975),Brian Campbell,9251975,6600,Wyndham Championship,Golf
,,,,,,,G,Sam Horsfield (9251976),Sam Horsfield,9251976,6600,Wyndham Championship,Golf
,,,,,,,G,Davis Love (9251977),Davis Love,9251977,6600,Wyndham Championship,Golf
,,,,,,,G,Brad Fritsch (9251978),Brad Fritsch,9251978,6600,Wyndham Championship,Golf
,,,,,,,G,Alex Cejka (9251979),Alex Cejka,9251979,6600,Wyndham Championship,Golf
,,,,,,,G,Troy Merritt (9251980),Troy Merritt,9251980,6600,Wyndham Championship,Golf
,,,,,,,G,Steve Wheatcroft (9251981),Steve Wheatcroft,9251981,6600,Wyndham Championship,Golf
,,,,,,,G,K.J. Choi (9251982),K.J. Choi,9251982,6600,Wyndham Championship,Golf
,,,,,,,G,Ken Duke (9251983),Ken Duke,9251983,6600,Wyndham Championship,Golf
,,,,,,,G,Arjun Atwal (9251984),Arjun Atwal,9251984,6600,Wyndham Championship,Golf
,,,,,,,G,Ted Purdy (9251985),Ted Purdy,9251985,6600,Wyndham Championship,Golf
,,,,,,,G,Ernie Els (9251986),Ernie Els,9251986,6600,Wyndham Championship,Golf
,,,,,,,G,Hunter Mahan (9251987),Hunter Mahan,9251987,6600,Wyndham Championship,Golf
,,,,,,,G,Joel Dahmen (9251988),Joel Dahmen,9251988,6600,Wyndham Championship,Golf
,,,,,,,G,Tim Wilkinson (9251989),Tim Wilkinson,9251989,6600,Wyndham Championship,Golf
,,,,,,,G,Julian Etulain (9251990),Julian Etulain,9251990,6600,Wyndham Championship,Golf
,,,,,,,G,Brian Stuard (9251996),Brian Stuard,9251996,6600,Wyndham Championship,Golf
,,,,,,,G,Steven Alker (9251991),Steven Alker,9251991,6500,Wyndham Championship,Golf
,,,,,,,G,Ryo Ishikawa (9251992),Ryo Ishikawa,9251992,6500,Wyndham Championship,Golf
,,,,,,,G,Nicholas Lindheim (9251993),Nicholas Lindheim,9251993,6500,Wyndham Championship,Golf
,,,,,,,G,Tyler Aldridge (9251994),Tyler Aldridge,9251994,6500,Wyndham Championship,Golf
,,,,,,,G,Brendon De Jonge (9251995),Brendon De Jonge,9251995,6500,Wyndham Championship,Golf
,,,,,,,G,Hiroshi Iwata (9251997),Hiroshi Iwata,9251997,6500,Wyndham Championship,Golf
,,,,,,,G,Steven Bowditch (9251998),Steven Bowditch,9251998,6500,Wyndham Championship,Golf
,,,,,,,G,Gonzalo Fernandez-Castano (9251999),Gonzalo Fernandez-Castano,9251999,6500,Wyndham Championship,Golf
,,,,,,,G,Jason Bohn (9252000),Jason Bohn,9252000,6500,Wyndham Championship,Golf
,,,,,,,G,Max Homa (9252001),Max Homa,9252001,6500,Wyndham Championship,Golf
,,,,,,,G,Brad Miller (9252002),Brad Miller,9252002,6500,Wyndham Championship,Golf
,,,,,,,G,Dru Love (9252003),Dru Love,9252003,6500,Wyndham Championship,Golf
,,,,,,,G,Y.E. Yang (9252004),Y.E. Yang,9252004,6500,Wyndham Championship,Golf
,,,,,,,G,Bobby Wyatt (9252005),Bobby Wyatt,9252005,6500,Wyndham Championship,Golf
,,,,,,,G,Shane Bertsch (9252006),Shane Bertsch,9252006,6500,Wyndham Championship,Golf
,,,,,,,G,Troy Kelly (9252007),Troy Kelly,9252007,6500,Wyndham Championship,Golf
,,,,,,,G,Mark Wilson (9252008),Mark Wilson,9252008,6500,Wyndham Championship,Golf
,,,,,,,G,Savio Nazareth (9252009),Savio Nazareth,9252009,6500,Wyndham Championship,Golf
